ID,TIME,FEATURE_0,FEATURE_1,FEATURE_2,FEATURE_3,ACTION,RISK
0,1,-0.021477029,0.03215138,-0.020900864,-0.010204562,0,1.0
0,2,-0.020834003,-0.16266468,-0.021104954,0.2758113,1,1.0
0,3,-0.024087295,0.032751914,-0.015588729,-0.023452718,1,1.0
0,4,-0.023432257,0.2280939,-0.016057784,-0.321013,1,1.0
0,5,-0.01887038,0.4234408,-0.022478044,-0.61871636,0,1.0
0,6,-0.010401563,0.22863993,-0.03485237,-0.33319685,0,1.0
0,7,-0.0058287643,0.034030925,-0.041516308,-0.051705144,0,1.0
0,8,-0.0051481454,-0.1604719,-0.04255041,0.2275954,1,1.0
0,9,-0.008357584,0.035231493,-0.0379985,-0.07820002,0,1.0
0,10,-0.0076529537,-0.1593257,-0.039562505,0.20225625,1,1.0
0,11,-0.010839468,0.03633906,-0.03551738,-0.102639586,1,1.0
0,12,-0.010112687,0.23195153,-0.03757017,-0.40631318,1,1.0
0,13,-0.0054736556,0.42758554,-0.045696434,-0.71060014,0,1.0
0,14,0.003078055,0.23312522,-0.059908435,-0.43264422,1,1.0
0,15,0.0077405595,0.42904198,-0.06856132,-0.7435947,0,1.0
0,16,0.0163214,0.23492992,-0.08343321,-0.4732519,1,1.0
0,17,0.021019997,0.431125,-0.09289825,-0.7910217,1,1.0
0,18,0.029642496,0.62739134,-0.108718686,-1.1114247,1,1.0
0,19,0.042190325,0.82376033,-0.13094717,-1.4361393,1,1.0
0,20,0.05866553,1.020231,-0.15966997,-1.7667109,1,1.0
0,21,0.07907015,1.2167565,-0.19500418,-2.1044931,1,1.0
0,22,0.10340528,1.4132277,-0.23709404,-2.450583,None,0.0
1,1,-0.041171186,0.012706805,-0.021130843,-0.033773594,0,1.0
1,2,-0.040917046,-0.18210585,-0.021806315,0.25216815,0,1.0
1,3,-0.044559166,-0.37690973,-0.016762953,0.53789395,1,1.0
1,4,-0.052097358,-0.18155618,-0.006005073,0.2399767,0,1.0
1,5,-0.055728484,-0.37659183,-0.0012055391,0.53075945,1,1.0
1,6,-0.06326032,-0.18145294,0.009409649,0.23769689,1,1.0
1,7,-0.066889375,0.013533324,0.014163587,-0.05200317,0,1.0
1,8,-0.06661871,-0.18178882,0.013123523,0.24511462,1,1.0
1,9,-0.07025449,0.013143253,0.018025815,-0.043400113,1,1.0
1,10,-0.069991626,0.20800215,0.017157814,-0.33034167,1,1.0
1,11,-0.06583158,0.4028757,0.01055098,-0.6175648,0,1.0
1,12,-0.057774067,0.20760797,-0.0018003157,-0.32157758,0,1.0
1,13,-0.053621907,0.012511697,-0.008231867,-0.029462952,1,1.0
1,14,-0.05337167,0.20775072,-0.008821126,-0.3247317,1,1.0
1,15,-0.049216658,0.40299717,-0.015315761,-0.62018335,1,1.0
1,16,-0.041156717,0.5983296,-0.027719427,-0.91765034,1,1.0
1,17,-0.029190123,0.79381514,-0.046072435,-1.2189145,1,1.0
1,18,-0.01331382,0.9894998,-0.07045072,-1.5256704,1,1.0
1,19,0.0064761755,1.1853979,-0.10096413,-1.8394841,0,1.0
1,20,0.030184133,0.9915255,-0.13775381,-1.5797894,1,1.0
1,21,0.05001464,1.1879927,-0.1693496,-1.9120702,0,1.0
1,22,0.073774494,0.9950532,-0.20759101,-1.6763521,1,1.0
1,23,0.09367556,1.1918906,-0.24111804,-2.0258636,None,0.0
2,1,-0.040858682,-0.025158329,0.009471209,0.006319179,1,1.0
2,2,-0.04136185,0.16982652,0.009597593,-0.28336048,1,1.0
2,3,-0.03796532,0.3648103,0.003930383,-0.57300097,1,1.0
2,4,-0.030669114,0.5598769,-0.007529637,-0.8644431,1,1.0
2,5,-0.019471575,0.75510055,-0.024818499,-1.159484,0,1.0
2,6,-0.0043695644,0.5603106,-0.048008177,-0.87468493,0,1.0
2,7,0.0068366476,0.36587304,-0.065501876,-0.5974736,1,1.0
2,8,0.014154108,0.56184745,-0.07745135,-0.91004866,0,1.0
2,9,0.025391057,0.3678543,-0.09565233,-0.6426792,0,1.0
2,10,0.032748144,0.17418657,-0.10850591,-0.38158447,0,1.0
2,11,0.036231875,-0.019240834,-0.1161376,-0.124987856,1,1.0
2,12,0.03584706,0.17733686,-0.11863735,-0.4519358,1,1.0
2,13,0.039393798,0.37391925,-0.12767607,-0.7795343,0,1.0
2,14,0.04687218,0.18076217,-0.14326675,-0.52959186,0,1.0
2,15,0.050487425,-0.012084545,-0.15385859,-0.28526187,1,1.0
2,16,0.050245732,0.1848587,-0.15956382,-0.62224317,1,1.0
2,17,0.053942908,0.38180655,-0.1720087,-0.9606251,0,1.0
2,18,0.061579037,0.18936153,-0.19122119,-0.726539,0,1.0
2,19,0.06536627,-0.0026747123,-0.20575197,-0.4996121,1,1.0
2,20,0.06531277,0.194663,-0.21574421,-0.84944034,None,0.0
3,1,0.009777865,0.042724438,0.03758933,-0.048914,1,1.0
3,2,0.010632355,0.23728779,0.03661105,-0.32950422,1,1.0
3,3,0.01537811,0.43186995,0.030020967,-0.61042064,1,1.0
3,4,0.02401551,0.6265597,0.017812554,-0.89349884,1,1.0
3,5,0.036546703,0.8214356,-5.742264e-05,-1.1805297,0,1.0
3,6,0.052975416,0.6263144,-0.023668015,-0.88786477,1,1.0
3,7,0.065501705,0.82174945,-0.04142531,-1.1878929,0,1.0
3,8,0.081936695,0.6271883,-0.06518317,-0.9084772,1,1.0
3,9,0.094480455,0.8231292,-0.083352715,-1.2209146,1,1.0
3,10,0.11094304,1.0192205,-0.10777101,-1.5385077,1,1.0
3,11,0.13132745,1.2154615,-0.13854116,-1.8627849,1,1.0
3,12,0.15563668,1.4118036,-0.17579685,-2.195077,1,1.0
3,13,0.18387276,1.6081336,-0.2196984,-2.5364513,None,0.0
4,1,-0.0377452,0.029762406,0.012616664,-0.045284,0,1.0
4,2,-0.037149955,-0.16553816,0.011710985,0.25135276,1,1.0
4,3,-0.040460717,0.029414611,0.01673804,-0.037613418,0,1.0
4,4,-0.039872427,-0.16594331,0.015985772,0.26030317,1,1.0
4,5,-0.04319129,0.028946828,0.021191835,-0.027295068,1,1.0
4,6,-0.042612355,0.22375856,0.020645933,-0.31321713,0,1.0
4,7,-0.038137183,0.028348673,0.014381591,-0.014095284,1,1.0
4,8,-0.03757021,0.22326145,0.0140996855,-0.3022062,0,1.0
4,9,-0.033104982,0.027941415,0.008055561,-0.005110073,0,1.0
4,10,-0.03254615,-0.16729513,0.007953361,0.29010355,1,1.0
4,11,-0.035892054,0.02771251,0.013755431,-6.0394734e-05,0,1.0
4,12,-0.035337806,-0.16760398,0.0137542235,0.2969306,0,1.0
4,13,-0.038689885,-0.36291927,0.019692836,0.59391946,0,1.0
4,14,-0.04594827,-0.5583113,0.031571224,0.8927399,0,1.0
4,15,-0.057114497,-0.7538469,0.049426023,1.1951776,1,1.0
4,16,-0.07219143,-0.55939853,0.073329575,0.9183865,1,1.0
4,17,-0.0833794,-0.36534038,0.091697305,0.6496212,0,1.0
4,18,-0.09068621,-0.5616119,0.10468973,0.96971285,1,1.0
4,19,-0.10191845,-0.36803922,0.12408399,0.7116661,0,1.0
4,20,-0.10927923,-0.564641,0.1383173,1.0406885,1,1.0
4,21,-0.12057205,-0.37160036,0.15913108,0.7944288,1,1.0
4,22,-0.12800406,-0.17897858,0.17501965,0.55573404,1,1.0
4,23,-0.13158363,0.0133101465,0.18613434,0.32290083,0,1.0
4,24,-0.13131742,-0.18390697,0.19259235,0.6680247,0,1.0
4,25,-0.13499556,-0.38111123,0.20595285,1.0146348,0,1.0
4,26,-0.14261779,-0.57829523,0.22624555,1.3642831,None,0.0
5,1,-0.02071715,-0.014888163,0.03403012,-0.022655796,1,1.0
5,2,-0.021014912,0.17972966,0.033577006,-0.30441058,0,1.0
5,3,-0.01742032,-0.015854314,0.027488794,-0.0013302069,0,1.0
5,4,-0.017737405,-0.21135949,0.02746219,0.29989746,1,1.0
5,5,-0.021964597,-0.016639521,0.033460137,0.016000502,1,1.0
5,6,-0.022297386,0.177987,0.03378015,-0.2659404,0,1.0
5,7,-0.018737646,-0.017600393,0.02846134,0.037202768,0,1.0
5,8,-0.019089654,-0.21311867,0.029205395,0.33872792,0,1.0
5,9,-0.023352027,-0.40864378,0.035979953,0.64047563,0,1.0
5,10,-0.031524904,-0.60424834,0.048789468,0.94426847,1,1.0
5,11,-0.04360987,-0.40981644,0.06767484,0.66730607,1,1.0
5,12,-0.0518062,-0.21569765,0.08102096,0.39667562,1,1.0
5,13,-0.056120154,-0.021813078,0.08895447,0.13059689,1,1.0
5,14,-0.056556415,0.17192945,0.091566406,-0.13274972,1,1.0
5,15,-0.053117823,0.3656286,0.088911414,-0.39519835,0,1.0
5,16,-0.045805253,0.169365,0.08100744,-0.07586028,0,1.0
5,17,-0.04241795,-0.02681919,0.07949024,0.24124114,0,1.0
5,18,-0.042954337,-0.22298133,0.08431506,0.5579008,1,1.0
5,19,-0.047413964,-0.029137887,0.09547308,0.29292777,1,1.0
5,20,-0.047996722,0.16450237,0.10133164,0.03181663,0,1.0
5,21,-0.044706672,-0.03191573,0.10196797,0.354673,0,1.0
5,22,-0.045344986,-0.22832853,0.10906143,0.67768854,0,1.0
5,23,-0.04991156,-0.42478314,0.122615196,1.0026202,1,1.0
5,24,-0.05840722,-0.23149371,0.1426676,0.7508214,1,1.0
5,25,-0.0630371,-0.03859732,0.15768403,0.5062186,1,1.0
5,26,-0.063809045,0.15399228,0.1678084,0.26708546,0,1.0
5,27,-0.0607292,-0.04307748,0.1731501,0.60764223,1,1.0
5,28,-0.061590746,0.14925492,0.18530296,0.37410975,1,1.0
5,29,-0.05860565,0.34132785,0.19278514,0.14510047,0,1.0
5,30,-0.05177909,0.14404291,0.19568716,0.49187407,0,1.0
5,31,-0.04889823,-0.053222783,0.20552464,0.8392907,0,1.0
5,32,-0.04996269,-0.2504686,0.22231045,1.1889323,None,0.0
6,1,-0.034795064,-0.039543904,-0.029955965,-0.026608482,0,1.0
6,2,-0.035585944,-0.23422374,-0.030488133,0.25647452,1,1.0
6,3,-0.040270418,-0.03868007,-0.025358643,-0.045666795,0,1.0
6,4,-0.04104402,-0.23342939,-0.026271978,0.23890862,0,1.0
6,5,-0.045712605,-0.42816636,-0.021493806,0.5231902,1,1.0
6,6,-0.054275934,-0.2327486,-0.0110300025,0.22381257,0,1.0
6,7,-0.058930904,-0.4277112,-0.006553751,0.5129959,1,1.0
6,8,-0.06748513,-0.23249753,0.0037061672,0.21825494,1,1.0
6,9,-0.072135076,-0.03742876,0.008071266,-0.07325661,0,1.0
6,10,-0.07288366,-0.23266548,0.0066061337,0.22196187,1,1.0
6,11,-0.07753696,-0.03763858,0.011045371,-0.06862992,0,1.0
6,12,-0.07828973,-0.23291713,0.009672773,0.2275173,0,1.0
6,13,-0.08294808,-0.42817596,0.014223119,0.5232356,1,1.0
6,14,-0.0915116,-0.23325706,0.024687832,0.23506828,1,1.0
6,15,-0.096176736,-0.038496375,0.029389197,-0.049726233,1,1.0
6,16,-0.096946664,0.15619211,0.028394673,-0.33299366,0,1.0
6,17,-0.09382282,-0.039322246,0.021734798,-0.031493444,1,1.0
6,18,-0.09460927,0.15548138,0.02110493,-0.31724033,1,1.0
6,19,-0.09149964,0.35029647,0.014760124,-0.6031935,1,1.0
6,20,-0.08449371,0.54520893,0.0026962534,-0.891191,1,1.0
6,21,-0.07358953,0.74029416,-0.015127567,-1.1830251,1,1.0
6,22,-0.05878365,0.9356091,-0.03878807,-1.4804114,0,1.0
6,23,-0.04007147,0.7409814,-0.0683963,-1.2000902,1,1.0
6,24,-0.025251841,0.9369182,-0.0923981,-1.513401,1,1.0
6,25,-0.0065134764,1.1330295,-0.12266612,-1.8334395,1,1.0
6,26,0.016147112,1.3292767,-0.15933491,-2.161572,1,1.0
6,27,0.042732645,1.5255605,-0.20256636,-2.4989147,1,1.0
6,28,0.07324386,1.7217022,-0.25254464,-2.8462596,None,0.0
7,1,0.030038213,0.02671422,0.024594763,-0.021297786,1,1.0
7,2,0.030572496,0.22147498,0.024168808,-0.30612046,1,1.0
7,3,0.035001997,0.41624433,0.0180464,-0.59108424,1,1.0
7,4,0.043326885,0.611109,0.0062247147,-0.87802833,1,1.0
7,5,0.055549063,0.80614585,-0.011335852,-1.1687478,0,1.0
7,6,0.07167198,0.6111732,-0.03471081,-0.8796403,0,1.0
7,7,0.083895445,0.41653958,-0.052303612,-0.59806865,0,1.0
7,8,0.09222624,0.22218701,-0.06426499,-0.32230872,1,1.0
7,9,0.09666998,0.41816244,-0.07071116,-0.6345459,1,1.0
7,10,0.10503323,0.61419576,-0.08340208,-0.94863284,1,1.0
7,11,0.11731714,0.8103355,-0.10237474,-1.2663116,0,1.0
7,12,0.13352385,0.6166597,-0.12770097,-1.0073645,1,1.0
7,13,0.14585705,0.81323385,-0.14784826,-1.3372669,0,1.0
7,14,0.16212173,0.6202509,-0.1745936,-1.0942599,0,1.0
7,15,0.17452674,0.42780426,-0.1964788,-0.8610486,1,1.0
7,16,0.18308282,0.624981,-0.21369977,-1.2085171,None,0.0
8,1,-0.039059408,-0.015266719,-0.0463833,0.023768343,0,1.0
8,2,-0.03936474,-0.20969386,-0.045907933,0.3014636,0,1.0
8,3,-0.04355862,-0.40413246,-0.03987866,0.579322,0,1.0
8,4,-0.051641267,-0.5986735,-0.02829222,0.8591804,0,1.0
8,5,-0.06361474,-0.7933989,-0.011108613,1.1428348,0,1.0
8,6,-0.07948272,-0.98837394,0.011748083,1.4320134,0,1.0
8,7,-0.0992502,-1.1836389,0.040388353,1.7283444,1,1.0
8,8,-0.12292297,-0.9890011,0.07495524,1.4484968,1,1.0
8,9,-0.142703,-0.79487646,0.103925176,1.1801437,0,1.0
8,10,-0.15860052,-0.9911826,0.12752806,1.5035132,1,1.0
8,11,-0.17842418,-0.7978182,0.15759832,1.2532136,1,1.0
8,12,-0.19438054,-0.6050262,0.18266259,1.0137519,0,1.0
8,13,-0.20648107,-0.8020521,0.20293763,1.3577787,1,1.0
8,14,-0.22252211,-0.60996974,0.2300932,1.1348228,None,0.0
9,1,0.041097872,-0.03696377,0.043732088,-0.0354911,1,1.0
9,2,0.040358596,0.15750466,0.043022264,-0.3140617,1,1.0
9,3,0.04350869,0.3519882,0.03674103,-0.59287244,1,1.0
9,4,0.050548453,0.5465771,0.024883581,-0.8737593,0,1.0
9,5,0.061479997,0.35112578,0.007408395,-0.5733582,1,1.0
9,6,0.06850251,0.5461431,-0.004058768,-0.863698,1,1.0
9,7,0.07942537,0.7413201,-0.021332728,-1.1576543,0,1.0
9,8,0.094251774,0.54648256,-0.044485815,-0.87173593,0,1.0
9,9,0.105181426,0.35199293,-0.061920535,-0.59336466,0,1.0
9,10,0.112221286,0.1577899,-0.07378782,-0.32081136,1,1.0
9,11,0.11537708,0.35388085,-0.080204055,-0.63582134,0,1.0
9,12,0.122454695,0.1599637,-0.09292048,-0.3694354,0,1.0
9,13,0.12565397,-0.033723634,-0.10030919,-0.10743709,0,1.0
9,14,0.1249795,-0.22727574,-0.10245793,0.15199019,1,1.0
9,15,0.120433986,-0.030847313,-0.099418126,-0.17117724,0,1.0
9,16,0.11981704,-0.22441615,-0.102841675,0.08856147,0,1.0
9,17,0.115328714,-0.41792512,-0.10107044,0.34710914,1,1.0
9,18,0.10697021,-0.2215217,-0.09412826,0.0243433,1,1.0
9,19,0.10253978,-0.025184734,-0.09364139,-0.2964913,0,1.0
9,20,0.10203608,-0.2188557,-0.09957122,-0.034747966,0,1.0
9,21,0.09765897,-0.41241923,-0.10026618,0.22493362,0,1.0
9,22,0.08941059,-0.60597587,-0.095767505,0.48438153,1,1.0
9,23,0.07729107,-0.4096421,-0.08607987,0.16311768,1,1.0
9,24,0.06909823,-0.21340008,-0.082817525,-0.15543166,0,1.0
9,25,0.06483023,-0.40724462,-0.08592615,0.110018045,0,1.0
9,26,0.056685332,-0.6010369,-0.083725795,0.3744028,1,1.0
9,27,0.044664595,-0.40483165,-0.07623774,0.056539208,1,1.0
9,28,0.036567964,-0.20870405,-0.075106956,-0.25918984,0,1.0
9,29,0.03239388,-0.4026779,-0.08029075,0.008889982,0,1.0
9,30,0.024340324,-0.5965621,-0.08011295,0.27519917,1,1.0
9,31,0.012409082,-0.40039393,-0.07460897,-0.041637298,0,1.0
9,32,0.0044012037,-0.5943711,-0.07544172,0.22660433,0,1.0
9,33,-0.007486218,-0.78833836,-0.07090963,0.4945688,1,1.0
9,34,-0.023252986,-0.5922918,-0.06101825,0.18040799,0,1.0
9,35,-0.03509882,-0.7864899,-0.05741009,0.45323482,0,1.0
9,36,-0.05082862,-0.98075503,-0.048345394,0.7272831,1,1.0
9,37,-0.07044372,-0.7849992,-0.033799734,0.41978446,0,1.0
9,38,-0.0861437,-0.97962636,-0.025404045,0.7016232,0,1.0
9,39,-0.10573623,-1.1743871,-0.011371581,0.9862021,1,1.0
9,40,-0.12922397,-0.9791147,0.008352461,0.6899693,1,1.0
9,41,-0.14880627,-0.78410965,0.022151846,0.3999275,1,1.0
9,42,-0.16448846,-0.58930886,0.030150397,0.11431006,0,1.0
9,43,-0.17627464,-0.7848495,0.032436598,0.4163507,1,1.0
9,44,-0.19197163,-0.590202,0.040763613,0.13406757,0,1.0
9,45,-0.20377567,-0.78588337,0.043444965,0.43932703,0,1.0
9,46,-0.21949333,-0.9815924,0.052231506,0.7453824,0,1.0
9,47,-0.23912518,-1.1773947,0.06713915,1.0540345,0,1.0
9,48,-0.26267308,-1.3733394,0.088219844,1.3670133,1,1.0
9,49,-0.29013985,-1.1794256,0.11556011,1.1031768,0,1.0
9,50,-0.3137284,-1.3758621,0.13762364,1.4297655,1,1.0
9,51,-0.34124562,-1.1826816,0.16621895,1.1830682,0,1.0
9,52,-0.36489925,-1.3795234,0.18988031,1.5229051,1,1.0
9,53,-0.39248973,-1.187134,0.22033842,1.2949978,None,0.0
10,1,-0.003917455,-0.011135302,-0.0488891,0.046794422,0,1.0
10,2,-0.0041401614,-0.20552336,-0.04795321,0.32366046,1,1.0
10,3,-0.008250629,-0.00975256,-0.04148,0.016248975,1,1.0
10,4,-0.00844568,0.18593895,-0.04115502,-0.28922743,1,1.0
10,5,-0.0047269007,0.38162288,-0.04693957,-0.5946009,1,1.0
10,6,0.002905557,0.5773693,-0.05883159,-0.90169233,0,1.0
10,7,0.014452943,0.38309163,-0.076865435,-0.62806654,0,1.0
10,8,0.022114776,0.18912186,-0.08942677,-0.36054713,0,1.0
10,9,0.025897212,-0.004622674,-0.09663771,-0.09734806,0,1.0
10,10,0.02580476,-0.19823632,-0.098584674,0.16335008,1,1.0
10,11,0.021840032,-0.001851424,-0.09531767,-0.1587339,1,1.0
10,12,0.021803005,0.19449678,-0.09849235,-0.47990027,0,1.0
10,13,0.02569294,0.00089312205,-0.108090356,-0.21981217,0,1.0
10,14,0.025710803,-0.19253108,-0.11248659,0.03691415,1,1.0
10,15,0.02186018,0.0040091774,-0.111748315,-0.2890344,1,1.0
10,16,0.021940365,0.20053254,-0.117529,-0.6147664,1,1.0
10,17,0.025951015,0.39708358,-0.12982433,-0.9420331,0,1.0
10,18,0.033892687,0.20392743,-0.148665,-0.6927984,1,1.0
10,19,0.037971236,0.40076485,-0.16252096,-1.0283444,0,1.0
10,20,0.045986533,0.20813493,-0.18308784,-0.7907782,0,1.0
10,21,0.050149232,0.015935551,-0.19890341,-0.5608253,1,1.0
10,22,0.050467942,0.21321121,-0.21011992,-0.9089973,None,0.0
11,1,0.041323185,-0.011998748,-0.0076906537,0.031359106,1,1.0
11,2,0.04108321,0.18323264,-0.0070634712,-0.26374036,1,1.0
11,3,0.044747863,0.3784547,-0.012338279,-0.55864275,1,1.0
11,4,0.052316956,0.57374763,-0.023511134,-0.85518724,0,1.0
11,5,0.06379191,0.37895387,-0.04061488,-0.56998897,1,1.0
11,6,0.07137099,0.5746212,-0.05201466,-0.8751854,1,1.0
11,7,0.08286341,0.7704102,-0.069518365,-1.1837571,1,1.0
11,8,0.098271616,0.96636176,-0.09319351,-1.4973965,1,1.0
11,9,0.11759885,1.1624846,-0.12314144,-1.8176636,1,1.0
11,10,0.14084855,1.3587422,-0.15949471,-2.145933,0,1.0
11,11,0.1680234,1.1655122,-0.20241337,-1.9064595,0,1.0
11,12,0.19133364,0.97307074,-0.24054256,-1.6827946,None,0.0
12,1,0.021722868,0.04804318,0.038823575,-0.012914673,1,1.0
12,2,0.02268373,0.24258746,0.03856528,-0.29309994,0,1.0
12,3,0.027535481,0.04693749,0.032703284,0.011492188,1,1.0
12,4,0.02847423,0.24157554,0.032933127,-0.27069572,1,1.0
12,5,0.03330574,0.43621245,0.027519213,-0.55281216,1,1.0
12,6,0.04202999,0.63093734,0.016462969,-0.8366993,0,1.0
12,7,0.05464874,0.43559444,-0.0002710169,-0.53888476,0,1.0
12,8,0.063360624,0.24047631,-0.011048713,-0.24628726,0,1.0
12,9,0.06817015,0.045513883,-0.015974456,0.042890277,1,1.0
12,10,0.06908043,0.24086122,-0.015116652,-0.25478962,1,1.0
12,11,0.07389765,0.4361957,-0.020212444,-0.552202,1,1.0
12,12,0.08262157,0.6315956,-0.031256486,-0.851184,1,1.0
12,13,0.09525348,0.8271295,-0.048280165,-1.1535295,0,1.0
12,14,0.111796066,0.6326693,-0.07135075,-0.87636805,0,1.0
12,15,0.124449454,0.43858594,-0.08887812,-0.606943,1,1.0
12,16,0.13322118,0.63483083,-0.101016976,-0.9262442,0,1.0
12,17,0.14591779,0.4412074,-0.11954186,-0.66693825,0,1.0
12,18,0.15474194,0.24793297,-0.13288063,-0.4141572,1,1.0
12,19,0.1597006,0.4446634,-0.14116377,-0.74560344,0,1.0
12,20,0.16859387,0.2517423,-0.15607584,-0.50046474,0,1.0
12,21,0.17362872,0.05912509,-0.16608514,-0.26075107,1,1.0
12,22,0.17481121,0.25618035,-0.17130016,-0.60087144,1,1.0
12,23,0.17993481,0.4532322,-0.18331759,-0.9422394,1,1.0
12,24,0.18899946,0.6502876,-0.20216237,-1.286464,1,1.0
12,25,0.20200522,0.8473251,-0.22789165,-1.6350328,None,0.0
13,1,-0.02588207,-0.019345697,0.030448014,0.01334964,0,1.0
13,2,-0.026268985,-0.21489078,0.030715007,0.31548163,0,1.0
13,3,-0.0305668,-0.41043648,0.03702464,0.6176906,1,1.0
13,4,-0.03877553,-0.21585076,0.049378455,0.33689484,1,1.0
13,5,-0.043092545,-0.021465003,0.05611635,0.060182974,1,1.0
13,6,-0.043521844,0.17280933,0.05732001,-0.21428026,1,1.0
13,7,-0.040065657,0.36706695,0.053034402,-0.48834527,0,1.0
13,8,-0.03272432,0.17123842,0.0432675,-0.17943068,0,1.0
13,9,-0.029299552,-0.024475124,0.039678887,0.12658156,1,1.0
13,10,-0.029789053,0.1700566,0.042210516,-0.15332381,1,1.0
13,11,-0.026387922,0.36454952,0.03914404,-0.43239716,1,1.0
13,12,-0.019096931,0.55909604,0.030496098,-0.71248794,0,1.0
13,13,-0.007915011,0.3635654,0.01624634,-0.41036385,0,1.0
13,14,-0.00064370356,0.16821691,0.008039062,-0.11260363,1,1.0
13,15,0.0027206347,0.36322275,0.0057869893,-0.40273947,0,1.0
13,16,0.009985089,0.1680192,-0.0022678003,-0.10823769,0,1.0
13,17,0.013345473,-0.02707018,-0.0044325544,0.18372889,1,1.0
13,18,0.01280407,0.16811492,-0.00075797626,-0.11034904,0,1.0
13,19,0.016166368,-0.02699617,-0.002964957,0.18209466,1,1.0
13,20,0.015626445,0.16816808,0.0006769361,-0.11152213,0,1.0
13,21,0.018989807,-0.026963562,-0.0015535065,0.1813743,1,1.0
13,22,0.018450536,0.16818058,0.0020739792,-0.11179831,0,1.0
13,23,0.021814147,-0.026971024,-0.0001619868,0.18153822,0,1.0
13,24,0.021274727,-0.22209066,0.0034687778,0.47417006,0,1.0
13,25,0.016832914,-0.41726142,0.012952179,0.7679443,1,1.0
13,26,0.008487685,-0.22232014,0.028311064,0.4793647,1,1.0
13,27,0.004041282,-0.027609069,0.037898358,0.19573747,0,1.0
13,28,0.0034891006,-0.22325204,0.041813105,0.50013065,0,1.0
13,29,-0.0009759404,-0.41893774,0.05181572,0.80569214,0,1.0
13,30,-0.009354696,-0.61473024,0.067929566,1.1142137,0,1.0
13,31,-0.021649301,-0.81067514,0.090213835,1.4274092,1,1.0
13,32,-0.037862804,-0.61677605,0.11876202,1.1642301,1,1.0
13,33,-0.050198324,-0.42338333,0.14204662,0.91101843,0,1.0
13,34,-0.05866599,-0.620112,0.160267,1.2447608,0,1.0
13,35,-0.071068235,-0.81688535,0.1851622,1.5830553,0,1.0
13,36,-0.087405935,-1.0136644,0.21682331,1.9273055,None,0.0
14,1,0.0058974824,-0.0057748538,-0.030062437,-0.047189888,1,1.0
14,2,0.0057819854,0.18976499,-0.031006234,-0.34920415,0,1.0
14,3,0.0095772855,-0.004902575,-0.037990317,-0.066457525,0,1.0
14,4,0.009479234,-0.19945984,-0.039319467,0.21400133,1,1.0
14,5,0.0054900367,-0.0037984508,-0.03503944,-0.09082085,0,1.0
14,6,0.005414068,-0.19840111,-0.036855858,0.19060446,0,1.0
14,7,0.0014460458,-0.39297694,-0.03304377,0.47143686,1,1.0
14,8,-0.006413493,-0.19740422,-0.023615032,0.16852482,1,1.0
14,9,-0.010361577,-0.0019523511,-0.020244535,-0.13151343,0,1.0
14,10,-0.010400624,-0.19677855,-0.022874804,0.1547145,0,1.0
14,11,-0.014336196,-0.39156562,-0.019780515,0.44009408,0,1.0
14,12,-0.022167508,-0.5864021,-0.010978633,0.72647655,1,1.0
14,13,-0.033895552,-0.39113012,0.0035508985,0.43035856,1,1.0
14,14,-0.04171815,-0.19605863,0.01215807,0.13879712,1,1.0
14,15,-0.045639325,-0.0011129086,0.014934012,-0.15002547,1,1.0
14,16,-0.045661584,0.19379205,0.011933503,-0.43795988,1,1.0
14,17,-0.041785743,0.38874307,0.0031743052,-0.7268572,1,1.0
14,18,-0.03401088,0.583821,-0.0113628395,-1.0185394,1,1.0
14,19,-0.022334462,0.77909255,-0.03173363,-1.3147684,1,1.0
14,20,-0.0067526107,0.9746014,-0.058028996,-1.6172122,1,1.0
14,21,0.012739417,1.1703576,-0.09037324,-1.9274031,0,1.0
14,22,0.036146566,0.9763132,-0.1289213,-1.6640579,0,1.0
14,23,0.05567283,0.7829063,-0.16220246,-1.4141531,0,1.0
14,24,0.07133096,0.5901228,-0.19048552,-1.1762522,0,1.0
14,25,0.083133414,0.39791566,-0.21401057,-0.9488211,None,0.0
15,1,0.027765477,0.022430526,-0.00085497217,-0.0070444867,0,1.0
15,2,0.028214086,-0.17267916,-0.000995862,0.28536856,0,1.0
15,3,0.024760503,-0.36778688,0.004711509,0.5777372,0,1.0
15,4,0.017404767,-0.5629746,0.016266255,0.8719007,1,1.0
15,5,0.0061452747,-0.36807755,0.033704266,0.5843759,1,1.0
15,6,-0.0012162763,-0.17344356,0.045391787,0.3024979,0,1.0
15,7,-0.004685147,-0.36918205,0.051441744,0.6091438,1,1.0
15,8,-0.0120687885,-0.17481554,0.06362462,0.33309692,0,1.0
15,9,-0.015565099,-0.37078264,0.07028656,0.64514583,1,1.0
15,10,-0.022980751,-0.17670691,0.08318947,0.37539828,0,1.0
15,11,-0.02651489,-0.37290588,0.09069744,0.69310844,0,1.0
15,12,-0.03397301,-0.5691612,0.10455961,1.01291,1,1.0
15,13,-0.045356233,-0.3755777,0.12481781,0.7548051,0,1.0
15,14,-0.052867785,-0.572179,0.13991392,1.084014,1,1.0
15,15,-0.06431136,-0.3791524,0.1615942,0.8383041,0,1.0
15,16,-0.071894415,-0.5760684,0.17836027,1.1771322,0,1.0
15,17,-0.083415784,-0.773001,0.20190293,1.5200052,0,1.0
15,18,-0.0988758,-0.9699091,0.23230302,1.8683245,None,0.0
16,1,0.007358389,-0.014605244,0.046099167,0.021176869,1,1.0
16,2,0.0070662843,0.17982632,0.046522703,-0.25661227,0,1.0
16,3,0.010662811,-0.015927903,0.04139046,0.05037409,0,1.0
16,4,0.010344253,-0.21161816,0.04239794,0.3558234,0,1.0
16,5,0.0061118896,-0.40731648,0.04951441,0.66156834,0,1.0
16,6,-0.00203444,-0.6030911,0.06274577,0.9694217,1,1.0
16,7,-0.014096263,-0.4088651,0.08213421,0.6970911,0,1.0
16,8,-0.022273565,-0.60502416,0.096076034,1.0144582,1,1.0
16,9,-0.034374047,-0.41130576,0.116365194,0.7534235,0,1.0
16,10,-0.042600162,-0.6078234,0.13143367,1.0803406,1,1.0
16,11,-0.05475663,-0.41465828,0.15304047,0.8316224,0,1.0
16,12,-0.06304979,-0.61150336,0.16967292,1.1682575,1,1.0
16,13,-0.07527986,-0.41894525,0.19303808,0.9332128,1,1.0
16,14,-0.08365877,-0.2268777,0.21170233,0.70686406,None,0.0
17,1,-0.044181775,0.02014658,0.033242866,0.0010832855,1,1.0
17,2,-0.043778844,0.2147764,0.033264533,-0.28092855,0,1.0
17,3,-0.039483316,0.019196128,0.027645962,0.022057537,1,1.0
17,4,-0.039099395,0.21391092,0.028087111,-0.26177618,1,1.0
17,5,-0.034821175,0.40862092,0.022851588,-0.54546946,0,1.0
17,6,-0.026648758,0.21318546,0.011942199,-0.245675,0,1.0
17,7,-0.02238505,0.017894993,0.0070287,0.050750725,0,1.0
17,8,-0.02202715,-0.17732704,0.008043714,0.34564295,1,1.0
17,9,-0.02557369,0.017679578,0.014956573,0.055507325,0,1.0
17,10,-0.025220098,-0.1776536,0.01606672,0.3528714,0,1.0
17,11,-0.02877317,-0.3730003,0.023124147,0.650577,1,1.0
17,12,-0.036233176,-0.17820793,0.03613569,0.36526448,1,1.0
17,13,-0.039797336,0.016382355,0.04344098,0.08419119,1,1.0
17,14,-0.03946969,0.21085554,0.045124803,-0.19447577,1,1.0
17,15,-0.035252575,0.40530393,0.041235287,-0.47258925,1,1.0
17,16,-0.027146498,0.59981996,0.031783503,-0.75199556,1,1.0
17,17,-0.015150098,0.79448956,0.01674359,-1.0345097,1,1.0
17,18,0.000739693,0.9893849,-0.0039466033,-1.3218893,0,1.0
17,19,0.02052739,0.7943131,-0.03038439,-1.0304441,0,1.0
17,20,0.03641365,0.59960824,-0.05099327,-0.7474534,0,1.0
17,21,0.04840582,0.40522555,-0.06594234,-0.47124383,0,1.0
17,22,0.05651033,0.21109396,-0.07536722,-0.20005235,1,1.0
17,23,0.06073221,0.4072084,-0.07936826,-0.51552594,1,1.0
17,24,0.06887638,0.6033531,-0.08967878,-0.8321265,1,1.0
17,25,0.080943435,0.7995786,-0.10632131,-1.1516123,0,1.0
17,26,0.09693501,0.6059922,-0.12935355,-0.89407194,0,1.0
17,27,0.109054856,0.4128393,-0.14723499,-0.6446872,1,1.0
17,28,0.11731164,0.60967296,-0.16012874,-0.9798741,1,1.0
17,29,0.1295051,0.8065368,-0.17972623,-1.3182689,0,1.0
17,30,0.14563583,0.6140841,-0.2060916,-1.0867953,0,1.0
17,31,0.15791751,0.42218703,-0.2278275,-0.8652039,None,0.0
18,1,-0.047338545,0.031178555,-0.0013445453,0.009630744,1,1.0
18,2,-0.046714976,0.22631976,-0.0011519304,-0.2834761,1,1.0
18,3,-0.04218858,0.42145813,-0.006821452,-0.5765221,0,1.0
18,4,-0.03375942,0.22643246,-0.018351894,-0.2859959,1,1.0
18,5,-0.02923077,0.42181125,-0.024071813,-0.5844099,0,1.0
18,6,-0.020794544,0.22703464,-0.03576001,-0.29940605,1,1.0
18,7,-0.016253851,0.42264757,-0.041748133,-0.60314906,1,1.0
18,8,-0.0078008994,0.6183278,-0.053811114,-0.9086841,1,1.0
18,9,0.004565657,0.81413525,-0.0719848,-1.2177829,1,1.0
18,10,0.020848362,1.0101078,-0.096340455,-1.5321256,0,1.0
18,11,0.041050516,0.8162699,-0.12698297,-1.2709974,0,1.0
18,12,0.057375915,0.6229768,-0.15240291,-1.020625,1,1.0
18,13,0.06983545,0.81976455,-0.17281541,-1.3570185,0,1.0
18,14,0.08623074,0.62717974,-0.19995578,-1.1229993,0,1.0
18,15,0.09877434,0.43515953,-0.22241578,-0.899104,None,0.0
19,1,-0.0356931,0.010873619,-0.01121143,-0.0067200037,0,1.0
19,2,-0.03547563,-0.18408577,-0.01134583,0.2824046,0,1.0
19,3,-0.039157346,-0.37904406,-0.005697738,0.5714876,0,1.0
19,4,-0.046738226,-0.57408565,0.0057320143,0.86237013,1,1.0
19,5,-0.05821994,-0.3790422,0.022979418,0.571495,1,1.0
19,6,-0.065800786,-0.18424991,0.034409318,0.286139,1,1.0
19,7,-0.06948578,0.010364845,0.040132098,0.004504036,1,1.0
19,8,-0.069278486,0.20488895,0.04022218,-0.2752515,0,1.0
19,9,-0.065180704,0.009216899,0.034717146,0.02984131,0,1.0
19,10,-0.06499637,-0.18638527,0.035313975,0.33327255,0,1.0
19,11,-0.06872407,-0.3819916,0.041979425,0.63687927,1,1.0
19,12,-0.076363906,-0.18747944,0.05471701,0.3577064,0,1.0
19,13,-0.08011349,-0.38333485,0.061871137,0.6671286,1,1.0
19,14,-0.08778019,-0.18912545,0.07521371,0.3945504,1,1.0
19,15,-0.0915627,0.0048531634,0.08310472,0.12649713,1,1.0
19,16,-0.09146564,0.19869232,0.08563466,-0.13885346,1,1.0
19,17,-0.08749179,0.39249,0.082857594,-0.40333894,1,1.0
19,18,-0.07964199,0.5863451,0.07479081,-0.66879165,1,1.0
19,19,-0.06791509,0.78035176,0.06141498,-0.9370202,1,1.0
19,20,-0.052308053,0.9745942,0.04267458,-1.2097899,0,1.0
19,21,-0.03281617,0.77894795,0.018478781,-0.9040451,1,1.0
19,22,-0.017237213,0.9738148,0.000397879,-1.190863,0,1.0
19,23,0.002239083,0.77868766,-0.023419382,-0.89805543,0,1.0
19,24,0.017812837,0.58389086,-0.04138049,-0.612825,1,1.0
19,25,0.029490653,0.77956593,-0.05363699,-0.9182487,0,1.0
19,26,0.045081973,0.58520854,-0.072001964,-0.6428936,0,1.0
19,27,0.056786142,0.3911601,-0.08485984,-0.3737254,1,1.0
19,28,0.06460934,0.5873785,-0.092334345,-0.69191283,1,1.0
19,29,0.07635692,0.783652,-0.1061726,-1.0121766,0,1.0
19,30,0.09202996,0.59009445,-0.12641613,-0.75463134,1,1.0
19,31,0.10383184,0.7867114,-0.14150876,-1.0842707,1,1.0
19,32,0.119566076,0.98338777,-0.16319418,-1.4178013,1,1.0
19,33,0.13923383,1.1801102,-0.1915502,-1.7567308,0,1.0
19,34,0.16283603,0.98760605,-0.22668482,-1.5292277,None,0.0
20,1,-0.026910814,0.015091381,0.04334177,0.029542278,1,1.0
20,2,-0.026608985,0.20956585,0.043932617,-0.24915698,1,1.0
20,3,-0.022417668,0.40403378,0.03894948,-0.5276654,1,1.0
20,4,-0.014336993,0.5985867,0.028396169,-0.80782515,0,1.0
20,5,-0.0023652595,0.40308732,0.012239667,-0.506347,1,1.0
20,6,0.0056964867,0.5980347,0.0021127267,-0.7951477,1,1.0
20,7,0.01765718,0.79312754,-0.013790228,-1.0871652,0,1.0
20,8,0.03351973,0.5981902,-0.035533533,-0.7988412,1,1.0
20,9,0.045483533,0.7937811,-0.051510356,-1.1024871,0,1.0
20,10,0.061359156,0.5993732,-0.0735601,-0.8263994,0,1.0
20,11,0.07334662,0.40533018,-0.090088084,-0.5577291,0,1.0
20,12,0.08145323,0.21158068,-0.10124267,-0.29473346,0,1.0
20,13,0.085684836,0.018036898,-0.10713734,-0.03561893,0,1.0
20,14,0.08604558,-0.17539857,-0.10784972,0.22143246,1,1.0
20,15,0.08253761,0.021086413,-0.10342107,-0.103228986,1,1.0
20,16,0.08295933,0.21752675,-0.10548565,-0.42666668,0,1.0
20,17,0.08730987,0.024044672,-0.114018984,-0.16901205,0,1.0
20,18,0.087790765,-0.16927628,-0.11739922,0.0856375,0,1.0
20,19,0.084405236,-0.36253682,-0.11568647,0.33909672,0,1.0
20,20,0.0771545,-0.55583894,-0.10890454,0.59317577,0,1.0
20,21,0.06603772,-0.74928147,-0.097041026,0.8496659,1,1.0
20,22,0.051052094,-0.5529796,-0.080047704,0.5281131,1,1.0
20,23,0.039992504,-0.35682806,-0.06948544,0.21131906,1,1.0
20,24,0.03285594,-0.16078496,-0.06525906,-0.102448255,0,1.0
20,25,0.029640242,-0.35491392,-0.06730802,0.1689528,0,1.0
20,26,0.022541964,-0.5490111,-0.06392897,0.4396657,0,1.0
20,27,0.011561742,-0.74317276,-0.055135656,0.711531,0,1.0
20,28,-0.003301714,-0.9374896,-0.040905036,0.9863617,0,1.0
20,29,-0.022051508,-1.1320406,-0.021177804,1.2659214,1,1.0
20,30,-0.04469232,-0.93665457,0.0041406224,0.96668214,0,1.0
20,31,-0.063425414,-1.1318319,0.023474265,1.2606629,1,1.0
20,32,-0.08606205,-0.9370179,0.048687525,0.9754233,1,1.0
20,33,-0.10480241,-0.74258167,0.06819599,0.69842297,0,1.0
20,34,-0.11965404,-0.93857956,0.08216445,1.0117706,1,1.0
20,35,-0.13842563,-0.7446443,0.10239986,0.74597824,1,1.0
20,36,-0.15331851,-0.5510732,0.11731943,0.48719546,0,1.0
20,37,-0.16433997,-0.7476381,0.12706333,0.8144289,0,1.0
20,38,-0.17929274,-0.94424975,0.14335191,1.144225,0,1.0
20,39,-0.19817774,-1.1409234,0.16623642,1.4782107,1,1.0
20,40,-0.2209962,-0.9481752,0.19580063,1.2417228,1,1.0
20,41,-0.2399597,-0.7560296,0.22063509,1.01621,None,0.0
21,1,-0.04135107,0.0056203967,0.032643963,-0.012514941,0,1.0
21,2,-0.04123866,-0.18995413,0.032393664,0.29028618,1,1.0
21,3,-0.045037743,0.004691291,0.038199387,0.007993292,1,1.0
21,4,-0.044943918,0.19924518,0.038359255,-0.27239677,1,1.0
21,5,-0.040959015,0.3937994,0.03291132,-0.55273855,0,1.0
21,6,-0.033083025,0.19823107,0.02185655,-0.24987075,0,1.0
21,7,-0.029118404,0.0028039326,0.016859135,0.049625266,0,1.0
21,8,-0.029062325,-0.19255565,0.01785164,0.34757936,0,1.0
21,9,-0.03291344,-0.3879269,0.024803227,0.64583766,0,1.0
21,10,-0.04067198,-0.5833855,0.03771998,0.94622684,0,1.0
21,11,-0.052339688,-0.7789946,0.056644514,1.2505188,0,1.0
21,12,-0.06791958,-0.9747949,0.08165489,1.5603927,1,1.0
21,13,-0.08741548,-0.78073955,0.11286275,1.2942594,1,1.0
21,14,-0.10303027,-0.58721805,0.13874793,1.0389353,0,1.0
21,15,-0.11477463,-0.7838835,0.15952665,1.3717597,1,1.0
21,16,-0.1304523,-0.5910752,0.18696183,1.1329216,1,1.0
21,17,-0.1422738,-0.39882573,0.20962027,0.90421987,None,0.0
22,1,0.024983238,-0.007236286,-0.009157631,0.018936314,0,1.0
22,2,0.024838513,-0.20222571,-0.008778905,0.30871588,0,1.0
22,3,0.020793999,-0.39722148,-0.0026045865,0.5986173,1,1.0
22,4,0.012849568,-0.20206319,0.009367759,0.3051151,0,1.0
22,5,0.008808305,-0.39731738,0.015470062,0.60073763,1,1.0
22,6,0.0008619573,-0.20241523,0.027484814,0.3129674,0,1.0
22,7,-0.0031863472,-0.39791772,0.033744164,0.61418986,1,1.0
22,8,-0.011144701,-0.20328313,0.04602796,0.3323231,0,1.0
22,9,-0.015210364,-0.399029,0.052674424,0.63915837,1,1.0
22,10,-0.023190944,-0.2046795,0.06545759,0.36351758,1,1.0
22,11,-0.027284533,-0.010545968,0.07272794,0.09217172,0,1.0
22,12,-0.027495453,-0.20663092,0.07457138,0.4068848,0,1.0
22,13,-0.031628072,-0.40272668,0.082709074,0.7221146,1,1.0
22,14,-0.039682604,-0.20884031,0.09715136,0.456568,1,1.0
22,15,-0.04385941,-0.015216468,0.106282726,0.19601938,1,1.0
22,16,-0.04416374,0.17823736,0.11020311,-0.061335642,0,1.0
22,17,-0.040598992,-0.018277964,0.1089764,0.26398337,1,1.0
22,18,-0.04096455,0.17513344,0.11425607,0.0075629363,1,1.0
22,19,-0.037461884,0.36844718,0.11440732,-0.24699877,0,1.0
22,20,-0.03009294,0.17189296,0.10946735,0.07946756,1,1.0
22,21,-0.026655082,0.36528927,0.1110567,-0.17677137,1,1.0
22,22,-0.019349296,0.55866116,0.10752127,-0.43245873,0,1.0
22,23,-0.0081760725,0.36219418,0.098872095,-0.10790973,1,1.0
22,24,-0.0009321888,0.5557705,0.09671391,-0.36783504,1,1.0
22,25,0.010183221,0.7493947,0.089357205,-0.6285245,1,1.0
22,26,0.025171116,0.94316345,0.07678671,-0.8917819,1,1.0
22,27,0.044034384,1.1371645,0.058951076,-1.1593729,1,1.0
22,28,0.06677768,1.3314708,0.035763618,-1.4330045,0,1.0
22,29,0.09340709,1.1359264,0.007103527,-1.1293631,0,1.0
22,30,0.11612561,0.9407121,-0.015483735,-0.8344607,1,1.0
22,31,0.13493986,1.1360421,-0.032172948,-1.1319727,0,1.0
22,32,0.15766071,0.94135576,-0.0548124,-0.8495515,1,1.0
22,33,0.17648782,1.1371807,-0.071803436,-1.1589545,0,1.0
22,34,0.19923143,0.94306403,-0.09498252,-0.88962185,0,1.0
22,35,0.21809271,0.74935037,-0.11277496,-0.628244,1,1.0
22,36,0.23307972,0.94585055,-0.12533984,-0.95420754,0,1.0
22,37,0.25199673,0.7526173,-0.14442399,-0.703385,0,1.0
22,38,0.26704907,0.55976075,-0.15849169,-0.4594251,0,1.0
22,39,0.2782443,0.36719245,-0.16768019,-0.22059466,0,1.0
22,40,0.28558815,0.17481461,-0.17209208,0.014857534,1,1.0
22,41,0.28908443,0.37193316,-0.17179494,-0.32679847,1,1.0
22,42,0.2965231,0.5690315,-0.1783309,-0.66835344,1,1.0
22,43,0.30790374,0.766126,-0.19169797,-1.0114585,1,1.0
22,44,0.32322624,0.9632166,-0.21192715,-1.3576937,None,0.0
23,1,-0.0011767369,0.019607568,-0.0100725815,-0.014662509,0,1.0
23,2,-0.0007845856,-0.17536849,-0.010365832,0.27482545,0,1.0
23,3,-0.0042919554,-0.37034103,-0.0048693228,0.564221,0,1.0
23,4,-0.011698776,-0.56539434,0.006415098,0.85536593,1,1.0
23,5,-0.023006663,-0.37036037,0.023522416,0.56470704,1,1.0
23,6,-0.03041387,-0.17557621,0.03481656,0.2795266,0,1.0
23,7,-0.033925395,-0.37117708,0.04040709,0.5829841,0,1.0
23,8,-0.041348934,-0.5668411,0.052066773,0.8881171,0,1.0
23,9,-0.05268576,-0.7626296,0.069829114,1.1967025,0,1.0
23,10,-0.06793835,-0.95858246,0.093763165,1.5104285,1,1.0
23,11,-0.08711,-0.76471335,0.12397174,1.2484282,0,1.0
23,12,-0.10240427,-0.9611872,0.1489403,1.5772316,0,1.0
23,13,-0.12162801,-1.1577369,0.18048494,1.9124188,0,1.0
23,14,-0.14478275,-1.3542875,0.21873331,2.255231,None,0.0
24,1,-0.036497682,-0.0018602472,0.009017983,0.020814305,1,1.0
24,2,-0.036534887,0.19313122,0.00943427,-0.26900977,1,1.0
24,3,-0.03267226,0.38811728,0.0040540746,-0.5587022,1,1.0
24,4,-0.024909915,0.5831821,-0.007119969,-0.8501051,0,1.0
24,5,-0.013246275,0.38815793,-0.02412207,-0.55966955,0,1.0
24,6,-0.005483115,0.19338273,-0.03531546,-0.27468294,0,1.0
24,7,-0.0016154606,-0.0012180159,-0.04080912,0.00665559,1,1.0
24,8,-0.0016398209,0.19446471,-0.04067601,-0.29861867,1,1.0
24,9,0.0022494735,0.39014217,-0.046648383,-0.6038475,1,1.0
24,10,0.010052317,0.5858844,-0.05872533,-0.9108511,1,1.0
24,11,0.021770004,0.7817498,-0.076942354,-1.221398,0,1.0
24,12,0.037405,0.58769894,-0.10137032,-0.9537817,0,1.0
24,13,0.04915898,0.39407614,-0.12044595,-0.69459033,1,1.0
24,14,0.0570405,0.5906446,-0.13433775,-1.0226324,0,1.0
24,15,0.06885339,0.39754295,-0.1547904,-0.77496624,0,1.0
24,16,0.07680425,0.20485044,-0.17028973,-0.5347101,0,1.0
24,17,0.08090126,0.012480721,-0.18098393,-0.30015287,1,1.0
24,18,0.081150874,0.20965867,-0.18698698,-0.64400834,0,1.0
24,19,0.08534405,0.017566834,-0.19986716,-0.41554752,1,1.0
24,20,0.085695386,0.2148769,-0.2081781,-0.76399136,0,1.0
24,21,0.089992926,0.023136621,-0.22345793,-0.5433539,None,0.0
