,seed,gamma,width,height,lag_p,ghost_opt_chance,pi_rand_perf,pi_star_perf,pi_star_perf_no_neg,pi_star_succ_rate,pi_star_avoid_rate,pi_star_no_neg_perf,pi_star_no_neg_perf_no_neg,pi_star_no_neg_succ_rate,pi_star_no_neg_avoid_rate,pi_safety_star_perf,pi_safety_star_perf_no_neg,pi_safety_star_succ_rate,pi_safety_star_avoid_rate,iteration,epsilon_baseline,pi_b_perf,baseline_success_rate,baseline_avoid_rate,nb_trajectories,method,hyperparam,method_perf,method_perf_no_neg,method_succ_rate,method_avoid_rate,run_time
0,2658956083,0.95,7,7,0.0,0.75,-0.7919324544916928,5.403600876626366,5.403600876626366,1.0,1.0,5.403600876626366,5.403600876626366,1.0,1.0,0.7708478732195551,0.7708478732195551,1.0,1.0,0,0.5,-1.379054528425442,0.1585368999677241,0.15853689996772558,500,shielded_baseline,,0.28679274095780455,0.2866587843227834,1.0,1.0,0.5160391330718994
1,2658956083,0.95,7,7,0.0,0.75,-0.7919324544916928,5.403600876626366,5.403600876626366,1.0,1.0,5.403600876626366,5.403600876626366,1.0,1.0,0.7708478732195551,0.7708478732195551,1.0,1.0,0,0.5,-1.379054528425442,0.1585368999677241,0.15853689996772558,500,MO_SPIBB,1.0,-1.1557369784542268,0.2729589653679987,0.1919929467399189,0.19199319758626487,190.2767517566681
2,2658956083,0.95,7,7,0.0,0.75,-0.7919324544916928,5.403600876626366,5.403600876626366,1.0,1.0,5.403600876626366,5.403600876626366,1.0,1.0,0.7708478732195551,0.7708478732195551,1.0,1.0,0,0.5,-1.379054528425442,0.1585368999677241,0.15853689996772558,500,SPIBB,3.0,-1.3804189080166434,0.2293071640291442,0.16110374488558352,0.1611037448855852,0.2880401611328125
3,2658956083,0.95,7,7,0.0,0.75,-0.7919324544916928,5.403600876626366,5.403600876626366,1.0,1.0,5.403600876626366,5.403600876626366,1.0,1.0,0.7708478732195551,0.7708478732195551,1.0,1.0,0,0.5,-1.379054528425442,0.1585368999677241,0.15853689996772558,500,shield-SPIBB,3.0,0.29294619023962853,0.29281976381772423,1.0,1.0,0.2680809497833252
4,2658956083,0.95,7,7,0.0,0.75,-0.7919324544916928,5.403600876626366,5.403600876626366,1.0,1.0,5.403600876626366,5.403600876626366,1.0,1.0,0.7708478732195551,0.7708478732195551,1.0,1.0,0,0.5,-1.379054528425442,0.1585368999677241,0.15853689996772558,500,shielded_baseline,,0.28680282537887675,0.2866587800194485,1.0,1.0,0.5411579608917236
5,2658956083,0.95,7,7,0.0,0.75,-0.7919324544916928,5.403600876626366,5.403600876626366,1.0,1.0,5.403600876626366,5.403600876626366,1.0,1.0,0.7708478732195551,0.7708478732195551,1.0,1.0,0,0.5,-1.379054528425442,0.1585368999677241,0.15853689996772558,500,MO_SPIBB,1.0,-1.1557369784542268,0.2729589653679987,0.1919929467399189,0.19199319758626487,188.74218010902405
6,2658956083,0.95,7,7,0.0,0.75,-0.7919324544916928,5.403600876626366,5.403600876626366,1.0,1.0,5.403600876626366,5.403600876626366,1.0,1.0,0.7708478732195551,0.7708478732195551,1.0,1.0,0,0.5,-1.379054528425442,0.1585368999677241,0.15853689996772558,500,SPIBB,3.0,-1.3804189080166434,0.2293071640291442,0.16110374488558352,0.1611037448855852,0.2719419002532959
7,2658956083,0.95,7,7,0.0,0.75,-0.7919324544916928,5.403600876626366,5.403600876626366,1.0,1.0,5.403600876626366,5.403600876626366,1.0,1.0,0.7708478732195551,0.7708478732195551,1.0,1.0,0,0.5,-1.379054528425442,0.1585368999677241,0.15853689996772558,500,shield-SPIBB,3.0,0.29294946526767063,0.2928196223738384,1.0,1.0,0.2917969226837158
8,2658956083,0.95,7,7,0.0,0.75,-0.7919324544916928,5.403600876626366,5.403600876626366,1.0,1.0,5.403600876626366,5.403600876626366,1.0,1.0,0.7708478732195551,0.7708478732195551,1.0,1.0,0,0.5,-1.379054528425442,0.1585368999677241,0.15853689996772558,500,shielded_baseline_point,,0.28680282537887675,0.2866587800194485,1.0,1.0,0.5480988025665283
9,2658956083,0.95,7,7,0.0,0.75,-0.7919324544916928,5.403600876626366,5.403600876626366,1.0,1.0,5.403600876626366,5.403600876626366,1.0,1.0,0.7708478732195551,0.7708478732195551,1.0,1.0,0,0.5,-1.379054528425442,0.1585368999677241,0.15853689996772558,500,shield-SPIBB_point,3.0,0.29294946526767063,0.2928196223738384,1.0,1.0,0.2861011028289795
10,2658956083,0.95,7,7,0.0,0.75,-0.7919324544916928,5.403600876626366,5.403600876626366,1.0,1.0,5.403600876626366,5.403600876626366,1.0,1.0,0.7708478732195551,0.7708478732195551,1.0,1.0,0,0.5,-1.379054528425442,0.1585368999677241,0.15853689996772558,1000,shielded_baseline,,0.28679274095780455,0.2866587843227834,1.0,1.0,0.534642219543457
11,2658956083,0.95,7,7,0.0,0.75,-0.7919324544916928,5.403600876626366,5.403600876626366,1.0,1.0,5.403600876626366,5.403600876626366,1.0,1.0,0.7708478732195551,0.7708478732195551,1.0,1.0,0,0.5,-1.379054528425442,0.1585368999677241,0.15853689996772558,1000,MO_SPIBB,1.0,-0.7960457982517288,0.3304333691951416,0.24201871297706432,0.24201725980170152,260.6739478111267
12,2658956083,0.95,7,7,0.0,0.75,-0.7919324544916928,5.403600876626366,5.403600876626366,1.0,1.0,5.403600876626366,5.403600876626366,1.0,1.0,0.7708478732195551,0.7708478732195551,1.0,1.0,0,0.5,-1.379054528425442,0.1585368999677241,0.15853689996772558,1000,SPIBB,3.0,-1.5235197668029061,0.2850670030873892,0.17457203810898897,0.1745720381089907,0.5594422817230225
13,2658956083,0.95,7,7,0.0,0.75,-0.7919324544916928,5.403600876626366,5.403600876626366,1.0,1.0,5.403600876626366,5.403600876626366,1.0,1.0,0.7708478732195551,0.7708478732195551,1.0,1.0,0,0.5,-1.379054528425442,0.1585368999677241,0.15853689996772558,1000,shield-SPIBB,3.0,0.348843365730467,0.3489105879652518,1.0,1.0,0.5805890560150146
14,2658956083,0.95,7,7,0.0,0.75,-0.7919324544916928,5.403600876626366,5.403600876626366,1.0,1.0,5.403600876626366,5.403600876626366,1.0,1.0,0.7708478732195551,0.7708478732195551,1.0,1.0,0,0.5,-1.379054528425442,0.1585368999677241,0.15853689996772558,1000,shielded_baseline,,0.28680282537887675,0.2866587800194485,1.0,1.0,0.5360329151153564
15,2658956083,0.95,7,7,0.0,0.75,-0.7919324544916928,5.403600876626366,5.403600876626366,1.0,1.0,5.403600876626366,5.403600876626366,1.0,1.0,0.7708478732195551,0.7708478732195551,1.0,1.0,0,0.5,-1.379054528425442,0.1585368999677241,0.15853689996772558,1000,MO_SPIBB,1.0,-0.7960457982517288,0.3304333691951416,0.24201871297706432,0.24201725980170152,259.29168677330017
16,2658956083,0.95,7,7,0.0,0.75,-0.7919324544916928,5.403600876626366,5.403600876626366,1.0,1.0,5.403600876626366,5.403600876626366,1.0,1.0,0.7708478732195551,0.7708478732195551,1.0,1.0,0,0.5,-1.379054528425442,0.1585368999677241,0.15853689996772558,1000,SPIBB,3.0,-1.5235197668029061,0.2850670030873892,0.17457203810898897,0.1745720381089907,0.5308401584625244
17,2658956083,0.95,7,7,0.0,0.75,-0.7919324544916928,5.403600876626366,5.403600876626366,1.0,1.0,5.403600876626366,5.403600876626366,1.0,1.0,0.7708478732195551,0.7708478732195551,1.0,1.0,0,0.5,-1.379054528425442,0.1585368999677241,0.15853689996772558,1000,shield-SPIBB,3.0,0.3488392017864599,0.3489105517438577,1.0,1.0,0.5704431533813477
18,2658956083,0.95,7,7,0.0,0.75,-0.7919324544916928,5.403600876626366,5.403600876626366,1.0,1.0,5.403600876626366,5.403600876626366,1.0,1.0,0.7708478732195551,0.7708478732195551,1.0,1.0,0,0.5,-1.379054528425442,0.1585368999677241,0.15853689996772558,1000,shielded_baseline_point,,0.28680282537887675,0.2866587800194485,1.0,1.0,0.5327060222625732
19,2658956083,0.95,7,7,0.0,0.75,-0.7919324544916928,5.403600876626366,5.403600876626366,1.0,1.0,5.403600876626366,5.403600876626366,1.0,1.0,0.7708478732195551,0.7708478732195551,1.0,1.0,0,0.5,-1.379054528425442,0.1585368999677241,0.15853689996772558,1000,shield-SPIBB_point,3.0,0.3488392017864599,0.3489105517438577,1.0,1.0,0.5540480613708496
20,2658956083,0.95,7,7,0.0,0.75,-0.7919324544916928,5.403600876626366,5.403600876626366,1.0,1.0,5.403600876626366,5.403600876626366,1.0,1.0,0.7708478732195551,0.7708478732195551,1.0,1.0,0,0.5,-1.379054528425442,0.1585368999677241,0.15853689996772558,2500,shielded_baseline,,0.28679274095780455,0.2866587843227834,1.0,1.0,0.5330860614776611
21,2658956083,0.95,7,7,0.0,0.75,-0.7919324544916928,5.403600876626366,5.403600876626366,1.0,1.0,5.403600876626366,5.403600876626366,1.0,1.0,0.7708478732195551,0.7708478732195551,1.0,1.0,0,0.5,-1.379054528425442,0.1585368999677241,0.15853689996772558,2500,MO_SPIBB,1.0,-0.0853717633020992,0.6847447021047437,0.437339627118998,0.4373392144014454,460.36137890815735
22,2658956083,0.95,7,7,0.0,0.75,-0.7919324544916928,5.403600876626366,5.403600876626366,1.0,1.0,5.403600876626366,5.403600876626366,1.0,1.0,0.7708478732195551,0.7708478732195551,1.0,1.0,0,0.5,-1.379054528425442,0.1585368999677241,0.15853689996772558,2500,SPIBB,3.0,-0.6459822587831452,0.46272984934723477,0.2887142200104769,0.2887142200104793,1.8681769371032715
23,2658956083,0.95,7,7,0.0,0.75,-0.7919324544916928,5.403600876626366,5.403600876626366,1.0,1.0,5.403600876626366,5.403600876626366,1.0,1.0,0.7708478732195551,0.7708478732195551,1.0,1.0,0,0.5,-1.379054528425442,0.1585368999677241,0.15853689996772558,2500,shield-SPIBB,3.0,0.5272418897395849,0.5272302268777056,1.0,1.0,1.9367752075195312
24,2658956083,0.95,7,7,0.0,0.75,-0.7919324544916928,5.403600876626366,5.403600876626366,1.0,1.0,5.403600876626366,5.403600876626366,1.0,1.0,0.7708478732195551,0.7708478732195551,1.0,1.0,0,0.5,-1.379054528425442,0.1585368999677241,0.15853689996772558,2500,shielded_baseline,,0.28680282537887675,0.2866587800194485,1.0,1.0,0.5215749740600586
25,2658956083,0.95,7,7,0.0,0.75,-0.7919324544916928,5.403600876626366,5.403600876626366,1.0,1.0,5.403600876626366,5.403600876626366,1.0,1.0,0.7708478732195551,0.7708478732195551,1.0,1.0,0,0.5,-1.379054528425442,0.1585368999677241,0.15853689996772558,2500,MO_SPIBB,1.0,-0.0853717633020992,0.6847447021047437,0.437339627118998,0.4373392144014454,460.9964680671692
26,2658956083,0.95,7,7,0.0,0.75,-0.7919324544916928,5.403600876626366,5.403600876626366,1.0,1.0,5.403600876626366,5.403600876626366,1.0,1.0,0.7708478732195551,0.7708478732195551,1.0,1.0,0,0.5,-1.379054528425442,0.1585368999677241,0.15853689996772558,2500,SPIBB,3.0,-0.6459822587831452,0.46272984934723477,0.2887142200104769,0.2887142200104793,1.9217619895935059
27,2658956083,0.95,7,7,0.0,0.75,-0.7919324544916928,5.403600876626366,5.403600876626366,1.0,1.0,5.403600876626366,5.403600876626366,1.0,1.0,0.7708478732195551,0.7708478732195551,1.0,1.0,0,0.5,-1.379054528425442,0.1585368999677241,0.15853689996772558,2500,shield-SPIBB,3.0,0.5272460267217077,0.5272302124807836,1.0,1.0,2.0364952087402344
28,2658956083,0.95,7,7,0.0,0.75,-0.7919324544916928,5.403600876626366,5.403600876626366,1.0,1.0,5.403600876626366,5.403600876626366,1.0,1.0,0.7708478732195551,0.7708478732195551,1.0,1.0,0,0.5,-1.379054528425442,0.1585368999677241,0.15853689996772558,2500,shielded_baseline_point,,0.28680282537887675,0.2866587800194485,1.0,1.0,0.5506749153137207
29,2658956083,0.95,7,7,0.0,0.75,-0.7919324544916928,5.403600876626366,5.403600876626366,1.0,1.0,5.403600876626366,5.403600876626366,1.0,1.0,0.7708478732195551,0.7708478732195551,1.0,1.0,0,0.5,-1.379054528425442,0.1585368999677241,0.15853689996772558,2500,shield-SPIBB_point,3.0,0.5272460267217077,0.5272302124807836,1.0,1.0,2.045354127883911
30,2658956083,0.95,7,7,0.0,0.75,-0.7919324544916928,5.403600876626366,5.403600876626366,1.0,1.0,5.403600876626366,5.403600876626366,1.0,1.0,0.7708478732195551,0.7708478732195551,1.0,1.0,0,0.5,-1.379054528425442,0.1585368999677241,0.15853689996772558,5000,shielded_baseline,,0.28679274095780455,0.2866587843227834,1.0,1.0,0.5325658321380615
31,2658956083,0.95,7,7,0.0,0.75,-0.7919324544916928,5.403600876626366,5.403600876626366,1.0,1.0,5.403600876626366,5.403600876626366,1.0,1.0,0.7708478732195551,0.7708478732195551,1.0,1.0,0,0.5,-1.379054528425442,0.1585368999677241,0.15853689996772558,5000,MO_SPIBB,1.0,0.6772977565028493,1.2680760349758597,0.631847026486895,0.631847025808794,676.4948019981384
32,2658956083,0.95,7,7,0.0,0.75,-0.7919324544916928,5.403600876626366,5.403600876626366,1.0,1.0,5.403600876626366,5.403600876626366,1.0,1.0,0.7708478732195551,0.7708478732195551,1.0,1.0,0,0.5,-1.379054528425442,0.1585368999677241,0.15853689996772558,5000,SPIBB,3.0,-0.12781776518560248,0.6236765715243486,0.408089925423709,0.40809024220020307,4.66654896736145
33,2658956083,0.95,7,7,0.0,0.75,-0.7919324544916928,5.403600876626366,5.403600876626366,1.0,1.0,5.403600876626366,5.403600876626366,1.0,1.0,0.7708478732195551,0.7708478732195551,1.0,1.0,0,0.5,-1.379054528425442,0.1585368999677241,0.15853689996772558,5000,shield-SPIBB,3.0,0.6902979519690116,0.6903482630328157,1.0,1.0,4.843408107757568
34,2658956083,0.95,7,7,0.0,0.75,-0.7919324544916928,5.403600876626366,5.403600876626366,1.0,1.0,5.403600876626366,5.403600876626366,1.0,1.0,0.7708478732195551,0.7708478732195551,1.0,1.0,0,0.5,-1.379054528425442,0.1585368999677241,0.15853689996772558,5000,shielded_baseline,,0.28680282537887675,0.2866587800194485,1.0,1.0,0.5389139652252197
35,2658956083,0.95,7,7,0.0,0.75,-0.7919324544916928,5.403600876626366,5.403600876626366,1.0,1.0,5.403600876626366,5.403600876626366,1.0,1.0,0.7708478732195551,0.7708478732195551,1.0,1.0,0,0.5,-1.379054528425442,0.1585368999677241,0.15853689996772558,5000,MO_SPIBB,1.0,0.6772977565028493,1.2680760349758597,0.631847026486895,0.631847025808794,677.9441747665405
36,2658956083,0.95,7,7,0.0,0.75,-0.7919324544916928,5.403600876626366,5.403600876626366,1.0,1.0,5.403600876626366,5.403600876626366,1.0,1.0,0.7708478732195551,0.7708478732195551,1.0,1.0,0,0.5,-1.379054528425442,0.1585368999677241,0.15853689996772558,5000,SPIBB,3.0,-0.12781776518560248,0.6236765715243486,0.408089925423709,0.40809024220020307,4.6687047481536865
37,2658956083,0.95,7,7,0.0,0.75,-0.7919324544916928,5.403600876626366,5.403600876626366,1.0,1.0,5.403600876626366,5.403600876626366,1.0,1.0,0.7708478732195551,0.7708478732195551,1.0,1.0,0,0.5,-1.379054528425442,0.1585368999677241,0.15853689996772558,5000,shield-SPIBB,3.0,0.6903092693637449,0.6903484765425466,1.0,1.0,4.815500020980835
38,2658956083,0.95,7,7,0.0,0.75,-0.7919324544916928,5.403600876626366,5.403600876626366,1.0,1.0,5.403600876626366,5.403600876626366,1.0,1.0,0.7708478732195551,0.7708478732195551,1.0,1.0,0,0.5,-1.379054528425442,0.1585368999677241,0.15853689996772558,5000,shielded_baseline_point,,0.28680282537887675,0.2866587800194485,1.0,1.0,0.5295529365539551
39,2658956083,0.95,7,7,0.0,0.75,-0.7919324544916928,5.403600876626366,5.403600876626366,1.0,1.0,5.403600876626366,5.403600876626366,1.0,1.0,0.7708478732195551,0.7708478732195551,1.0,1.0,0,0.5,-1.379054528425442,0.1585368999677241,0.15853689996772558,5000,shield-SPIBB_point,3.0,0.6903092693637449,0.6903484765425466,1.0,1.0,4.800912857055664
40,2658956083,0.95,7,7,0.0,0.75,-0.7919324544916928,5.403600876626366,5.403600876626366,1.0,1.0,5.403600876626366,5.403600876626366,1.0,1.0,0.7708478732195551,0.7708478732195551,1.0,1.0,0,0.5,-1.379054528425442,0.1585368999677241,0.15853689996772558,10000,shielded_baseline,,0.28679274095780455,0.2866587843227834,1.0,1.0,0.5329070091247559
41,2658956083,0.95,7,7,0.0,0.75,-0.7919324544916928,5.403600876626366,5.403600876626366,1.0,1.0,5.403600876626366,5.403600876626366,1.0,1.0,0.7708478732195551,0.7708478732195551,1.0,1.0,0,0.5,-1.379054528425442,0.1585368999677241,0.15853689996772558,10000,MO_SPIBB,1.0,1.781421221532671,2.2946666700129867,0.7856249610827608,0.7856249608133594,787.1989388465881
42,2658956083,0.95,7,7,0.0,0.75,-0.7919324544916928,5.403600876626366,5.403600876626366,1.0,1.0,5.403600876626366,5.403600876626366,1.0,1.0,0.7708478732195551,0.7708478732195551,1.0,1.0,0,0.5,-1.379054528425442,0.1585368999677241,0.15853689996772558,10000,SPIBB,3.0,0.34381901145254107,1.0036407478935816,0.5379650604266016,0.5379650604266037,8.920835018157959
43,2658956083,0.95,7,7,0.0,0.75,-0.7919324544916928,5.403600876626366,5.403600876626366,1.0,1.0,5.403600876626366,5.403600876626366,1.0,1.0,0.7708478732195551,0.7708478732195551,1.0,1.0,0,0.5,-1.379054528425442,0.1585368999677241,0.15853689996772558,10000,shield-SPIBB,3.0,1.1108179827181417,1.1109272450500114,1.0,1.0,9.002260208129883
44,2658956083,0.95,7,7,0.0,0.75,-0.7919324544916928,5.403600876626366,5.403600876626366,1.0,1.0,5.403600876626366,5.403600876626366,1.0,1.0,0.7708478732195551,0.7708478732195551,1.0,1.0,0,0.5,-1.379054528425442,0.1585368999677241,0.15853689996772558,10000,shielded_baseline,,0.28680282537887675,0.2866587800194485,1.0,1.0,0.531001091003418
45,2658956083,0.95,7,7,0.0,0.75,-0.7919324544916928,5.403600876626366,5.403600876626366,1.0,1.0,5.403600876626366,5.403600876626366,1.0,1.0,0.7708478732195551,0.7708478732195551,1.0,1.0,0,0.5,-1.379054528425442,0.1585368999677241,0.15853689996772558,10000,MO_SPIBB,1.0,1.781421221532671,2.2946666700129867,0.7856249610827608,0.7856249608133594,788.014778137207
46,2658956083,0.95,7,7,0.0,0.75,-0.7919324544916928,5.403600876626366,5.403600876626366,1.0,1.0,5.403600876626366,5.403600876626366,1.0,1.0,0.7708478732195551,0.7708478732195551,1.0,1.0,0,0.5,-1.379054528425442,0.1585368999677241,0.15853689996772558,10000,SPIBB,3.0,0.34381901145254107,1.0036407478935816,0.5379650604266016,0.5379650604266037,8.75768494606018
47,2658956083,0.95,7,7,0.0,0.75,-0.7919324544916928,5.403600876626366,5.403600876626366,1.0,1.0,5.403600876626366,5.403600876626366,1.0,1.0,0.7708478732195551,0.7708478732195551,1.0,1.0,0,0.5,-1.379054528425442,0.1585368999677241,0.15853689996772558,10000,shield-SPIBB,3.0,1.1108180696404555,1.1109382104003938,1.0,1.0,9.107966184616089
48,2658956083,0.95,7,7,0.0,0.75,-0.7919324544916928,5.403600876626366,5.403600876626366,1.0,1.0,5.403600876626366,5.403600876626366,1.0,1.0,0.7708478732195551,0.7708478732195551,1.0,1.0,0,0.5,-1.379054528425442,0.1585368999677241,0.15853689996772558,10000,shielded_baseline_point,,0.28680282537887675,0.2866587800194485,1.0,1.0,0.5485610961914062
49,2658956083,0.95,7,7,0.0,0.75,-0.7919324544916928,5.403600876626366,5.403600876626366,1.0,1.0,5.403600876626366,5.403600876626366,1.0,1.0,0.7708478732195551,0.7708478732195551,1.0,1.0,0,0.5,-1.379054528425442,0.1585368999677241,0.15853689996772558,10000,shield-SPIBB_point,3.0,1.1108180696404555,1.1109382104003938,1.0,1.0,8.925570249557495
50,2658956083,0.95,7,7,0.0,0.75,-0.7919324544916928,5.403600876626366,5.403600876626366,1.0,1.0,5.403600876626366,5.403600876626366,1.0,1.0,0.7708478732195551,0.7708478732195551,1.0,1.0,0,0.5,-1.379054528425442,0.1585368999677241,0.15853689996772558,15000,shielded_baseline,,0.28679274095780455,0.2866587843227834,1.0,1.0,0.5222530364990234
51,2658956083,0.95,7,7,0.0,0.75,-0.7919324544916928,5.403600876626366,5.403600876626366,1.0,1.0,5.403600876626366,5.403600876626366,1.0,1.0,0.7708478732195551,0.7708478732195551,1.0,1.0,0,0.5,-1.379054528425442,0.1585368999677241,0.15853689996772558,15000,MO_SPIBB,1.0,2.4505267368791013,2.867517413287812,0.8524702812266614,0.8524703451019158,981.166482925415
52,2658956083,0.95,7,7,0.0,0.75,-0.7919324544916928,5.403600876626366,5.403600876626366,1.0,1.0,5.403600876626366,5.403600876626366,1.0,1.0,0.7708478732195551,0.7708478732195551,1.0,1.0,0,0.5,-1.379054528425442,0.1585368999677241,0.15853689996772558,15000,SPIBB,3.0,0.7749549735327386,1.4431186606926258,0.6283032509756148,0.6283032509756168,11.672250747680664
53,2658956083,0.95,7,7,0.0,0.75,-0.7919324544916928,5.403600876626366,5.403600876626366,1.0,1.0,5.403600876626366,5.403600876626366,1.0,1.0,0.7708478732195551,0.7708478732195551,1.0,1.0,0,0.5,-1.379054528425442,0.1585368999677241,0.15853689996772558,15000,shield-SPIBB,3.0,1.6074651808912808,1.607497982133986,1.0,1.0,11.758958101272583
54,2658956083,0.95,7,7,0.0,0.75,-0.7919324544916928,5.403600876626366,5.403600876626366,1.0,1.0,5.403600876626366,5.403600876626366,1.0,1.0,0.7708478732195551,0.7708478732195551,1.0,1.0,0,0.5,-1.379054528425442,0.1585368999677241,0.15853689996772558,15000,shielded_baseline,,0.28680282537887675,0.2866587800194485,1.0,1.0,0.5471632480621338
55,2658956083,0.95,7,7,0.0,0.75,-0.7919324544916928,5.403600876626366,5.403600876626366,1.0,1.0,5.403600876626366,5.403600876626366,1.0,1.0,0.7708478732195551,0.7708478732195551,1.0,1.0,0,0.5,-1.379054528425442,0.1585368999677241,0.15853689996772558,15000,MO_SPIBB,1.0,2.4505267368791013,2.867517413287812,0.8524702812266614,0.8524703451019158,985.6424939632416
56,2658956083,0.95,7,7,0.0,0.75,-0.7919324544916928,5.403600876626366,5.403600876626366,1.0,1.0,5.403600876626366,5.403600876626366,1.0,1.0,0.7708478732195551,0.7708478732195551,1.0,1.0,0,0.5,-1.379054528425442,0.1585368999677241,0.15853689996772558,15000,SPIBB,3.0,0.7749549735327386,1.4431186606926258,0.6283032509756148,0.6283032509756168,11.313636064529419
57,2658956083,0.95,7,7,0.0,0.75,-0.7919324544916928,5.403600876626366,5.403600876626366,1.0,1.0,5.403600876626366,5.403600876626366,1.0,1.0,0.7708478732195551,0.7708478732195551,1.0,1.0,0,0.5,-1.379054528425442,0.1585368999677241,0.15853689996772558,15000,shield-SPIBB,3.0,1.6074651557362007,1.6075077460735256,1.0,1.0,11.884183883666992
58,2658956083,0.95,7,7,0.0,0.75,-0.7919324544916928,5.403600876626366,5.403600876626366,1.0,1.0,5.403600876626366,5.403600876626366,1.0,1.0,0.7708478732195551,0.7708478732195551,1.0,1.0,0,0.5,-1.379054528425442,0.1585368999677241,0.15853689996772558,15000,shielded_baseline_point,,0.28680282537887675,0.2866587800194485,1.0,1.0,0.5466790199279785
59,2658956083,0.95,7,7,0.0,0.75,-0.7919324544916928,5.403600876626366,5.403600876626366,1.0,1.0,5.403600876626366,5.403600876626366,1.0,1.0,0.7708478732195551,0.7708478732195551,1.0,1.0,0,0.5,-1.379054528425442,0.1585368999677241,0.15853689996772558,15000,shield-SPIBB_point,3.0,1.6074651557362007,1.6075077460735256,1.0,1.0,11.70996904373169
60,2658956083,0.95,7,7,0.0,0.75,-0.7919324544916928,5.403600876626366,5.403600876626366,1.0,1.0,5.403600876626366,5.403600876626366,1.0,1.0,0.7708478732195551,0.7708478732195551,1.0,1.0,0,0.5,-1.379054528425442,0.1585368999677241,0.15853689996772558,25000,shielded_baseline,,0.28679274095780455,0.2866587843227834,1.0,1.0,0.5143089294433594
61,2658956083,0.95,7,7,0.0,0.75,-0.7919324544916928,5.403600876626366,5.403600876626366,1.0,1.0,5.403600876626366,5.403600876626366,1.0,1.0,0.7708478732195551,0.7708478732195551,1.0,1.0,0,0.5,-1.379054528425442,0.1585368999677241,0.15853689996772558,25000,MO_SPIBB,1.0,3.284445772108686,3.5880458691359287,0.9109446776153445,0.9109447091170736,914.6342158317566
62,2658956083,0.95,7,7,0.0,0.75,-0.7919324544916928,5.403600876626366,5.403600876626366,1.0,1.0,5.403600876626366,5.403600876626366,1.0,1.0,0.7708478732195551,0.7708478732195551,1.0,1.0,0,0.5,-1.379054528425442,0.1585368999677241,0.15853689996772558,25000,SPIBB,3.0,1.578870655778432,2.2123559632890406,0.7327248396207782,0.73272483962078,15.183043003082275
63,2658956083,0.95,7,7,0.0,0.75,-0.7919324544916928,5.403600876626366,5.403600876626366,1.0,1.0,5.403600876626366,5.403600876626366,1.0,1.0,0.7708478732195551,0.7708478732195551,1.0,1.0,0,0.5,-1.379054528425442,0.1585368999677241,0.15853689996772558,25000,shield-SPIBB,3.0,2.423170990955119,2.423184353568454,1.0,1.0,15.906877994537354
64,2658956083,0.95,7,7,0.0,0.75,-0.7919324544916928,5.403600876626366,5.403600876626366,1.0,1.0,5.403600876626366,5.403600876626366,1.0,1.0,0.7708478732195551,0.7708478732195551,1.0,1.0,0,0.5,-1.379054528425442,0.1585368999677241,0.15853689996772558,25000,shielded_baseline,,0.28680282537887675,0.2866587800194485,1.0,1.0,0.5285391807556152
65,2658956083,0.95,7,7,0.0,0.75,-0.7919324544916928,5.403600876626366,5.403600876626366,1.0,1.0,5.403600876626366,5.403600876626366,1.0,1.0,0.7708478732195551,0.7708478732195551,1.0,1.0,0,0.5,-1.379054528425442,0.1585368999677241,0.15853689996772558,25000,MO_SPIBB,1.0,3.284445772108686,3.5880458691359287,0.9109446776153445,0.9109447091170736,917.7852988243103
66,2658956083,0.95,7,7,0.0,0.75,-0.7919324544916928,5.403600876626366,5.403600876626366,1.0,1.0,5.403600876626366,5.403600876626366,1.0,1.0,0.7708478732195551,0.7708478732195551,1.0,1.0,0,0.5,-1.379054528425442,0.1585368999677241,0.15853689996772558,25000,SPIBB,3.0,1.578870655778432,2.2123559632890406,0.7327248396207782,0.73272483962078,15.408693075180054
67,2658956083,0.95,7,7,0.0,0.75,-0.7919324544916928,5.403600876626366,5.403600876626366,1.0,1.0,5.403600876626366,5.403600876626366,1.0,1.0,0.7708478732195551,0.7708478732195551,1.0,1.0,0,0.5,-1.379054528425442,0.1585368999677241,0.15853689996772558,25000,shield-SPIBB,3.0,2.4231735371490126,2.4231944929362874,1.0,1.0,15.763886213302612
68,2658956083,0.95,7,7,0.0,0.75,-0.7919324544916928,5.403600876626366,5.403600876626366,1.0,1.0,5.403600876626366,5.403600876626366,1.0,1.0,0.7708478732195551,0.7708478732195551,1.0,1.0,0,0.5,-1.379054528425442,0.1585368999677241,0.15853689996772558,25000,shielded_baseline_point,,0.28680282537887675,0.2866587800194485,1.0,1.0,0.533362865447998
69,2658956083,0.95,7,7,0.0,0.75,-0.7919324544916928,5.403600876626366,5.403600876626366,1.0,1.0,5.403600876626366,5.403600876626366,1.0,1.0,0.7708478732195551,0.7708478732195551,1.0,1.0,0,0.5,-1.379054528425442,0.1585368999677241,0.15853689996772558,25000,shield-SPIBB_point,3.0,2.4231735371490126,2.4231944929362874,1.0,1.0,15.613626956939697
70,2658956083,0.95,7,7,0.0,0.75,-0.7919324544916928,5.403600876626366,5.403600876626366,1.0,1.0,5.403600876626366,5.403600876626366,1.0,1.0,0.7708478732195551,0.7708478732195551,1.0,1.0,0,0.5,-1.379054528425442,0.1585368999677241,0.15853689996772558,35000,shielded_baseline,,0.28679274095780455,0.2866587843227834,1.0,1.0,0.5343449115753174
71,2658956083,0.95,7,7,0.0,0.75,-0.7919324544916928,5.403600876626366,5.403600876626366,1.0,1.0,5.403600876626366,5.403600876626366,1.0,1.0,0.7708478732195551,0.7708478732195551,1.0,1.0,0,0.5,-1.379054528425442,0.1585368999677241,0.15853689996772558,35000,MO_SPIBB,1.0,3.7081170054099193,3.9375290837249337,0.9381469546612283,0.93814684224164,1103.5887207984924
72,2658956083,0.95,7,7,0.0,0.75,-0.7919324544916928,5.403600876626366,5.403600876626366,1.0,1.0,5.403600876626366,5.403600876626366,1.0,1.0,0.7708478732195551,0.7708478732195551,1.0,1.0,0,0.5,-1.379054528425442,0.1585368999677241,0.15853689996772558,35000,SPIBB,3.0,2.3923995590374894,2.9143730002968127,0.8100200750235711,0.810020062635173,17.29300284385681
73,2658956083,0.95,7,7,0.0,0.75,-0.7919324544916928,5.403600876626366,5.403600876626366,1.0,1.0,5.403600876626366,5.403600876626366,1.0,1.0,0.7708478732195551,0.7708478732195551,1.0,1.0,0,0.5,-1.379054528425442,0.1585368999677241,0.15853689996772558,35000,shield-SPIBB,3.0,3.129483007305689,3.1294731613213305,1.0,1.0,17.713136196136475
74,2658956083,0.95,7,7,0.0,0.75,-0.7919324544916928,5.403600876626366,5.403600876626366,1.0,1.0,5.403600876626366,5.403600876626366,1.0,1.0,0.7708478732195551,0.7708478732195551,1.0,1.0,0,0.5,-1.379054528425442,0.1585368999677241,0.15853689996772558,35000,shielded_baseline,,0.28680282537887675,0.2866587800194485,1.0,1.0,0.5424401760101318
75,2658956083,0.95,7,7,0.0,0.75,-0.7919324544916928,5.403600876626366,5.403600876626366,1.0,1.0,5.403600876626366,5.403600876626366,1.0,1.0,0.7708478732195551,0.7708478732195551,1.0,1.0,0,0.5,-1.379054528425442,0.1585368999677241,0.15853689996772558,35000,MO_SPIBB,1.0,3.7081170054099193,3.9375290837249337,0.9381469546612283,0.93814684224164,1097.889279127121
76,2658956083,0.95,7,7,0.0,0.75,-0.7919324544916928,5.403600876626366,5.403600876626366,1.0,1.0,5.403600876626366,5.403600876626366,1.0,1.0,0.7708478732195551,0.7708478732195551,1.0,1.0,0,0.5,-1.379054528425442,0.1585368999677241,0.15853689996772558,35000,SPIBB,3.0,2.3923995590374894,2.9143730002968127,0.8100200750235711,0.810020062635173,17.21444821357727
77,2658956083,0.95,7,7,0.0,0.75,-0.7919324544916928,5.403600876626366,5.403600876626366,1.0,1.0,5.403600876626366,5.403600876626366,1.0,1.0,0.7708478732195551,0.7708478732195551,1.0,1.0,0,0.5,-1.379054528425442,0.1585368999677241,0.15853689996772558,35000,shield-SPIBB,3.0,3.1295452444411205,3.1294705348442773,1.0,1.0,17.469355821609497
78,2658956083,0.95,7,7,0.0,0.75,-0.7919324544916928,5.403600876626366,5.403600876626366,1.0,1.0,5.403600876626366,5.403600876626366,1.0,1.0,0.7708478732195551,0.7708478732195551,1.0,1.0,0,0.5,-1.379054528425442,0.1585368999677241,0.15853689996772558,35000,shielded_baseline_point,,0.28680282537887675,0.2866587800194485,1.0,1.0,0.5460009574890137
79,2658956083,0.95,7,7,0.0,0.75,-0.7919324544916928,5.403600876626366,5.403600876626366,1.0,1.0,5.403600876626366,5.403600876626366,1.0,1.0,0.7708478732195551,0.7708478732195551,1.0,1.0,0,0.5,-1.379054528425442,0.1585368999677241,0.15853689996772558,35000,shield-SPIBB_point,3.0,3.1295452444411205,3.1294705348442773,1.0,1.0,17.75590491294861
80,2658956083,0.95,7,7,0.0,0.75,-0.7919324544916928,5.403600876626366,5.403600876626366,1.0,1.0,5.403600876626366,5.403600876626366,1.0,1.0,0.7708478732195551,0.7708478732195551,1.0,1.0,0,0.5,-1.379054528425442,0.1585368999677241,0.15853689996772558,50000,shielded_baseline,,0.28679274095780455,0.2866587843227834,1.0,1.0,0.5111799240112305
81,2658956083,0.95,7,7,0.0,0.75,-0.7919324544916928,5.403600876626366,5.403600876626366,1.0,1.0,5.403600876626366,5.403600876626366,1.0,1.0,0.7708478732195551,0.7708478732195551,1.0,1.0,0,0.5,-1.379054528425442,0.1585368999677241,0.15853689996772558,50000,MO_SPIBB,1.0,4.108350211315495,4.2648176629877295,0.9610037466107909,0.9610036518268162,1138.7986779212952
82,2658956083,0.95,7,7,0.0,0.75,-0.7919324544916928,5.403600876626366,5.403600876626366,1.0,1.0,5.403600876626366,5.403600876626366,1.0,1.0,0.7708478732195551,0.7708478732195551,1.0,1.0,0,0.5,-1.379054528425442,0.1585368999677241,0.15853689996772558,50000,SPIBB,3.0,3.2014986867387774,3.6285513517158328,0.8730192633801587,0.8730192881211325,18.390054941177368
83,2658956083,0.95,7,7,0.0,0.75,-0.7919324544916928,5.403600876626366,5.403600876626366,1.0,1.0,5.403600876626366,5.403600876626366,1.0,1.0,0.7708478732195551,0.7708478732195551,1.0,1.0,0,0.5,-1.379054528425442,0.1585368999677241,0.15853689996772558,50000,shield-SPIBB,3.0,3.8791513877603676,3.8791521228356434,1.0,1.0,19.61640501022339
84,2658956083,0.95,7,7,0.0,0.75,-0.7919324544916928,5.403600876626366,5.403600876626366,1.0,1.0,5.403600876626366,5.403600876626366,1.0,1.0,0.7708478732195551,0.7708478732195551,1.0,1.0,0,0.5,-1.379054528425442,0.1585368999677241,0.15853689996772558,50000,shielded_baseline,,0.28680282537887675,0.2866587800194485,1.0,1.0,0.549536943435669
85,2658956083,0.95,7,7,0.0,0.75,-0.7919324544916928,5.403600876626366,5.403600876626366,1.0,1.0,5.403600876626366,5.403600876626366,1.0,1.0,0.7708478732195551,0.7708478732195551,1.0,1.0,0,0.5,-1.379054528425442,0.1585368999677241,0.15853689996772558,50000,MO_SPIBB,1.0,4.108350211315495,4.2648176629877295,0.9610037466107909,0.9610036518268162,1141.4662449359894
86,2658956083,0.95,7,7,0.0,0.75,-0.7919324544916928,5.403600876626366,5.403600876626366,1.0,1.0,5.403600876626366,5.403600876626366,1.0,1.0,0.7708478732195551,0.7708478732195551,1.0,1.0,0,0.5,-1.379054528425442,0.1585368999677241,0.15853689996772558,50000,SPIBB,3.0,3.2014986867387774,3.6285513517158328,0.8730192633801587,0.8730192881211325,18.965014934539795
87,2658956083,0.95,7,7,0.0,0.75,-0.7919324544916928,5.403600876626366,5.403600876626366,1.0,1.0,5.403600876626366,5.403600876626366,1.0,1.0,0.7708478732195551,0.7708478732195551,1.0,1.0,0,0.5,-1.379054528425442,0.1585368999677241,0.15853689996772558,50000,shield-SPIBB,3.0,3.879146819239425,3.8791478148487863,1.0,1.0,19.394367933273315
88,2658956083,0.95,7,7,0.0,0.75,-0.7919324544916928,5.403600876626366,5.403600876626366,1.0,1.0,5.403600876626366,5.403600876626366,1.0,1.0,0.7708478732195551,0.7708478732195551,1.0,1.0,0,0.5,-1.379054528425442,0.1585368999677241,0.15853689996772558,50000,shielded_baseline_point,,0.28680282537887675,0.2866587800194485,1.0,1.0,0.5327138900756836
89,2658956083,0.95,7,7,0.0,0.75,-0.7919324544916928,5.403600876626366,5.403600876626366,1.0,1.0,5.403600876626366,5.403600876626366,1.0,1.0,0.7708478732195551,0.7708478732195551,1.0,1.0,0,0.5,-1.379054528425442,0.1585368999677241,0.15853689996772558,50000,shield-SPIBB_point,3.0,3.879146819239425,3.8791478148487863,1.0,1.0,19.206107139587402
90,2658956083,0.95,7,7,0.0,0.75,-0.7919324544916928,5.403600876626366,5.403600876626366,1.0,1.0,5.403600876626366,5.403600876626366,1.0,1.0,0.7708478732195551,0.7708478732195551,1.0,1.0,1,0.5,-1.379054528425442,0.1585368999677241,0.15853689996772558,500,shielded_baseline,,0.28679274095780455,0.2866587843227834,1.0,1.0,0.537588357925415
91,2658956083,0.95,7,7,0.0,0.75,-0.7919324544916928,5.403600876626366,5.403600876626366,1.0,1.0,5.403600876626366,5.403600876626366,1.0,1.0,0.7708478732195551,0.7708478732195551,1.0,1.0,1,0.5,-1.379054528425442,0.1585368999677241,0.15853689996772558,500,MO_SPIBB,1.0,-1.1810719430552932,0.27576711076601546,0.19515023921168656,0.19515008966052694,181.20521593093872
92,2658956083,0.95,7,7,0.0,0.75,-0.7919324544916928,5.403600876626366,5.403600876626366,1.0,1.0,5.403600876626366,5.403600876626366,1.0,1.0,0.7708478732195551,0.7708478732195551,1.0,1.0,1,0.5,-1.379054528425442,0.1585368999677241,0.15853689996772558,500,SPIBB,3.0,-1.3765420843188232,0.23131028400353204,0.16116987387061796,0.16116987387062087,0.25923800468444824
93,2658956083,0.95,7,7,0.0,0.75,-0.7919324544916928,5.403600876626366,5.403600876626366,1.0,1.0,5.403600876626366,5.403600876626366,1.0,1.0,0.7708478732195551,0.7708478732195551,1.0,1.0,1,0.5,-1.379054528425442,0.1585368999677241,0.15853689996772558,500,shield-SPIBB,3.0,0.2941388544609483,0.2940167892794844,1.0,1.0,0.25189685821533203
94,2658956083,0.95,7,7,0.0,0.75,-0.7919324544916928,5.403600876626366,5.403600876626366,1.0,1.0,5.403600876626366,5.403600876626366,1.0,1.0,0.7708478732195551,0.7708478732195551,1.0,1.0,1,0.5,-1.379054528425442,0.1585368999677241,0.15853689996772558,500,shielded_baseline,,0.28680282537887675,0.2866587800194485,1.0,1.0,0.5488851070404053
95,2658956083,0.95,7,7,0.0,0.75,-0.7919324544916928,5.403600876626366,5.403600876626366,1.0,1.0,5.403600876626366,5.403600876626366,1.0,1.0,0.7708478732195551,0.7708478732195551,1.0,1.0,1,0.5,-1.379054528425442,0.1585368999677241,0.15853689996772558,500,MO_SPIBB,1.0,-1.1810719430552932,0.27576711076601546,0.19515023921168656,0.19515008966052694,180.88272786140442
96,2658956083,0.95,7,7,0.0,0.75,-0.7919324544916928,5.403600876626366,5.403600876626366,1.0,1.0,5.403600876626366,5.403600876626366,1.0,1.0,0.7708478732195551,0.7708478732195551,1.0,1.0,1,0.5,-1.379054528425442,0.1585368999677241,0.15853689996772558,500,SPIBB,3.0,-1.3765420843188232,0.23131028400353204,0.16116987387061796,0.16116987387062087,0.25639820098876953
97,2658956083,0.95,7,7,0.0,0.75,-0.7919324544916928,5.403600876626366,5.403600876626366,1.0,1.0,5.403600876626366,5.403600876626366,1.0,1.0,0.7708478732195551,0.7708478732195551,1.0,1.0,1,0.5,-1.379054528425442,0.1585368999677241,0.15853689996772558,500,shield-SPIBB,3.0,0.294141225014471,0.29401669608587366,1.0,1.0,0.2601027488708496
98,2658956083,0.95,7,7,0.0,0.75,-0.7919324544916928,5.403600876626366,5.403600876626366,1.0,1.0,5.403600876626366,5.403600876626366,1.0,1.0,0.7708478732195551,0.7708478732195551,1.0,1.0,1,0.5,-1.379054528425442,0.1585368999677241,0.15853689996772558,500,shielded_baseline_point,,0.28680282537887675,0.2866587800194485,1.0,1.0,0.5197749137878418
99,2658956083,0.95,7,7,0.0,0.75,-0.7919324544916928,5.403600876626366,5.403600876626366,1.0,1.0,5.403600876626366,5.403600876626366,1.0,1.0,0.7708478732195551,0.7708478732195551,1.0,1.0,1,0.5,-1.379054528425442,0.1585368999677241,0.15853689996772558,500,shield-SPIBB_point,3.0,0.294141225014471,0.29401669608587366,1.0,1.0,0.22772479057312012
100,2658956083,0.95,7,7,0.0,0.75,-0.7919324544916928,5.403600876626366,5.403600876626366,1.0,1.0,5.403600876626366,5.403600876626366,1.0,1.0,0.7708478732195551,0.7708478732195551,1.0,1.0,1,0.5,-1.379054528425442,0.1585368999677241,0.15853689996772558,1000,shielded_baseline,,0.28679274095780455,0.2866587843227834,1.0,1.0,0.5125930309295654
101,2658956083,0.95,7,7,0.0,0.75,-0.7919324544916928,5.403600876626366,5.403600876626366,1.0,1.0,5.403600876626366,5.403600876626366,1.0,1.0,0.7708478732195551,0.7708478732195551,1.0,1.0,1,0.5,-1.379054528425442,0.1585368999677241,0.15853689996772558,1000,MO_SPIBB,1.0,-0.7757724052308997,0.31761866932848476,0.2479606517797346,0.24796056150590284,325.31881880760193
102,2658956083,0.95,7,7,0.0,0.75,-0.7919324544916928,5.403600876626366,5.403600876626366,1.0,1.0,5.403600876626366,5.403600876626366,1.0,1.0,0.7708478732195551,0.7708478732195551,1.0,1.0,1,0.5,-1.379054528425442,0.1585368999677241,0.15853689996772558,1000,SPIBB,3.0,-1.5206625715279902,0.28569872669113905,0.17727893752917098,0.17727893752917334,0.5555052757263184
103,2658956083,0.95,7,7,0.0,0.75,-0.7919324544916928,5.403600876626366,5.403600876626366,1.0,1.0,5.403600876626366,5.403600876626366,1.0,1.0,0.7708478732195551,0.7708478732195551,1.0,1.0,1,0.5,-1.379054528425442,0.1585368999677241,0.15853689996772558,1000,shield-SPIBB,3.0,0.35410851574151303,0.3540257262924977,1.0,1.0,0.5308308601379395
104,2658956083,0.95,7,7,0.0,0.75,-0.7919324544916928,5.403600876626366,5.403600876626366,1.0,1.0,5.403600876626366,5.403600876626366,1.0,1.0,0.7708478732195551,0.7708478732195551,1.0,1.0,1,0.5,-1.379054528425442,0.1585368999677241,0.15853689996772558,1000,shielded_baseline,,0.28680282537887675,0.2866587800194485,1.0,1.0,0.5214319229125977
105,2658956083,0.95,7,7,0.0,0.75,-0.7919324544916928,5.403600876626366,5.403600876626366,1.0,1.0,5.403600876626366,5.403600876626366,1.0,1.0,0.7708478732195551,0.7708478732195551,1.0,1.0,1,0.5,-1.379054528425442,0.1585368999677241,0.15853689996772558,1000,MO_SPIBB,1.0,-0.7757724052308997,0.31761866932848476,0.2479606517797346,0.24796056150590284,326.35053992271423
106,2658956083,0.95,7,7,0.0,0.75,-0.7919324544916928,5.403600876626366,5.403600876626366,1.0,1.0,5.403600876626366,5.403600876626366,1.0,1.0,0.7708478732195551,0.7708478732195551,1.0,1.0,1,0.5,-1.379054528425442,0.1585368999677241,0.15853689996772558,1000,SPIBB,3.0,-1.5206625715279902,0.28569872669113905,0.17727893752917098,0.17727893752917334,0.5683426856994629
107,2658956083,0.95,7,7,0.0,0.75,-0.7919324544916928,5.403600876626366,5.403600876626366,1.0,1.0,5.403600876626366,5.403600876626366,1.0,1.0,0.7708478732195551,0.7708478732195551,1.0,1.0,1,0.5,-1.379054528425442,0.1585368999677241,0.15853689996772558,1000,shield-SPIBB,3.0,0.3541007129956561,0.3540258307447953,1.0,1.0,0.5272090435028076
108,2658956083,0.95,7,7,0.0,0.75,-0.7919324544916928,5.403600876626366,5.403600876626366,1.0,1.0,5.403600876626366,5.403600876626366,1.0,1.0,0.7708478732195551,0.7708478732195551,1.0,1.0,1,0.5,-1.379054528425442,0.1585368999677241,0.15853689996772558,1000,shielded_baseline_point,,0.28680282537887675,0.2866587800194485,1.0,1.0,0.5278899669647217
109,2658956083,0.95,7,7,0.0,0.75,-0.7919324544916928,5.403600876626366,5.403600876626366,1.0,1.0,5.403600876626366,5.403600876626366,1.0,1.0,0.7708478732195551,0.7708478732195551,1.0,1.0,1,0.5,-1.379054528425442,0.1585368999677241,0.15853689996772558,1000,shield-SPIBB_point,3.0,0.3541007129956561,0.3540258307447953,1.0,1.0,0.5120391845703125
110,2658956083,0.95,7,7,0.0,0.75,-0.7919324544916928,5.403600876626366,5.403600876626366,1.0,1.0,5.403600876626366,5.403600876626366,1.0,1.0,0.7708478732195551,0.7708478732195551,1.0,1.0,1,0.5,-1.379054528425442,0.1585368999677241,0.15853689996772558,2500,shielded_baseline,,0.28679274095780455,0.2866587843227834,1.0,1.0,0.5295112133026123
111,2658956083,0.95,7,7,0.0,0.75,-0.7919324544916928,5.403600876626366,5.403600876626366,1.0,1.0,5.403600876626366,5.403600876626366,1.0,1.0,0.7708478732195551,0.7708478732195551,1.0,1.0,1,0.5,-1.379054528425442,0.1585368999677241,0.15853689996772558,2500,MO_SPIBB,1.0,-0.08284024915353358,0.6604022857805282,0.4330783983425364,0.4330785554287153,464.66381001472473
112,2658956083,0.95,7,7,0.0,0.75,-0.7919324544916928,5.403600876626366,5.403600876626366,1.0,1.0,5.403600876626366,5.403600876626366,1.0,1.0,0.7708478732195551,0.7708478732195551,1.0,1.0,1,0.5,-1.379054528425442,0.1585368999677241,0.15853689996772558,2500,SPIBB,3.0,-0.7343095781710244,0.4475405207696405,0.2768345829178782,0.2768345829178792,1.946410894393921
113,2658956083,0.95,7,7,0.0,0.75,-0.7919324544916928,5.403600876626366,5.403600876626366,1.0,1.0,5.403600876626366,5.403600876626366,1.0,1.0,0.7708478732195551,0.7708478732195551,1.0,1.0,1,0.5,-1.379054528425442,0.1585368999677241,0.15853689996772558,2500,shield-SPIBB,3.0,0.5169677837445875,0.5169499180708956,1.0,1.0,1.967757225036621
114,2658956083,0.95,7,7,0.0,0.75,-0.7919324544916928,5.403600876626366,5.403600876626366,1.0,1.0,5.403600876626366,5.403600876626366,1.0,1.0,0.7708478732195551,0.7708478732195551,1.0,1.0,1,0.5,-1.379054528425442,0.1585368999677241,0.15853689996772558,2500,shielded_baseline,,0.28680282537887675,0.2866587800194485,1.0,1.0,0.5354459285736084
115,2658956083,0.95,7,7,0.0,0.75,-0.7919324544916928,5.403600876626366,5.403600876626366,1.0,1.0,5.403600876626366,5.403600876626366,1.0,1.0,0.7708478732195551,0.7708478732195551,1.0,1.0,1,0.5,-1.379054528425442,0.1585368999677241,0.15853689996772558,2500,MO_SPIBB,1.0,-0.08284024915353358,0.6604022857805282,0.4330783983425364,0.4330785554287153,464.1372709274292
116,2658956083,0.95,7,7,0.0,0.75,-0.7919324544916928,5.403600876626366,5.403600876626366,1.0,1.0,5.403600876626366,5.403600876626366,1.0,1.0,0.7708478732195551,0.7708478732195551,1.0,1.0,1,0.5,-1.379054528425442,0.1585368999677241,0.15853689996772558,2500,SPIBB,3.0,-0.7343095781710244,0.4475405207696405,0.2768345829178782,0.2768345829178792,2.016422986984253
117,2658956083,0.95,7,7,0.0,0.75,-0.7919324544916928,5.403600876626366,5.403600876626366,1.0,1.0,5.403600876626366,5.403600876626366,1.0,1.0,0.7708478732195551,0.7708478732195551,1.0,1.0,1,0.5,-1.379054528425442,0.1585368999677241,0.15853689996772558,2500,shield-SPIBB,3.0,0.5170625951389803,0.51694985453849,1.0,1.0,2.043026924133301
118,2658956083,0.95,7,7,0.0,0.75,-0.7919324544916928,5.403600876626366,5.403600876626366,1.0,1.0,5.403600876626366,5.403600876626366,1.0,1.0,0.7708478732195551,0.7708478732195551,1.0,1.0,1,0.5,-1.379054528425442,0.1585368999677241,0.15853689996772558,2500,shielded_baseline_point,,0.28680282537887675,0.2866587800194485,1.0,1.0,0.5553383827209473
119,2658956083,0.95,7,7,0.0,0.75,-0.7919324544916928,5.403600876626366,5.403600876626366,1.0,1.0,5.403600876626366,5.403600876626366,1.0,1.0,0.7708478732195551,0.7708478732195551,1.0,1.0,1,0.5,-1.379054528425442,0.1585368999677241,0.15853689996772558,2500,shield-SPIBB_point,3.0,0.5170625951389803,0.51694985453849,1.0,1.0,1.9969804286956787
120,2658956083,0.95,7,7,0.0,0.75,-0.7919324544916928,5.403600876626366,5.403600876626366,1.0,1.0,5.403600876626366,5.403600876626366,1.0,1.0,0.7708478732195551,0.7708478732195551,1.0,1.0,1,0.5,-1.379054528425442,0.1585368999677241,0.15853689996772558,5000,shielded_baseline,,0.28679274095780455,0.2866587843227834,1.0,1.0,0.5275599956512451
121,2658956083,0.95,7,7,0.0,0.75,-0.7919324544916928,5.403600876626366,5.403600876626366,1.0,1.0,5.403600876626366,5.403600876626366,1.0,1.0,0.7708478732195551,0.7708478732195551,1.0,1.0,1,0.5,-1.379054528425442,0.1585368999677241,0.15853689996772558,5000,MO_SPIBB,1.0,0.5970019732481656,1.1659674936486877,0.6225588320973472,0.6225591007191222,678.1968531608582
122,2658956083,0.95,7,7,0.0,0.75,-0.7919324544916928,5.403600876626366,5.403600876626366,1.0,1.0,5.403600876626366,5.403600876626366,1.0,1.0,0.7708478732195551,0.7708478732195551,1.0,1.0,1,0.5,-1.379054528425442,0.1585368999677241,0.15853689996772558,5000,SPIBB,3.0,-0.1470601238376264,0.6348932603137916,0.408871506304749,0.4088715063047522,5.019324064254761
123,2658956083,0.95,7,7,0.0,0.75,-0.7919324544916928,5.403600876626366,5.403600876626366,1.0,1.0,5.403600876626366,5.403600876626366,1.0,1.0,0.7708478732195551,0.7708478732195551,1.0,1.0,1,0.5,-1.379054528425442,0.1585368999677241,0.15853689996772558,5000,shield-SPIBB,3.0,0.7097471952062734,0.709900609543886,1.0,1.0,4.95790696144104
124,2658956083,0.95,7,7,0.0,0.75,-0.7919324544916928,5.403600876626366,5.403600876626366,1.0,1.0,5.403600876626366,5.403600876626366,1.0,1.0,0.7708478732195551,0.7708478732195551,1.0,1.0,1,0.5,-1.379054528425442,0.1585368999677241,0.15853689996772558,5000,shielded_baseline,,0.28680282537887675,0.2866587800194485,1.0,1.0,0.5498781204223633
125,2658956083,0.95,7,7,0.0,0.75,-0.7919324544916928,5.403600876626366,5.403600876626366,1.0,1.0,5.403600876626366,5.403600876626366,1.0,1.0,0.7708478732195551,0.7708478732195551,1.0,1.0,1,0.5,-1.379054528425442,0.1585368999677241,0.15853689996772558,5000,MO_SPIBB,1.0,0.5970019732481656,1.1659674936486877,0.6225588320973472,0.6225591007191222,675.7815017700195
126,2658956083,0.95,7,7,0.0,0.75,-0.7919324544916928,5.403600876626366,5.403600876626366,1.0,1.0,5.403600876626366,5.403600876626366,1.0,1.0,0.7708478732195551,0.7708478732195551,1.0,1.0,1,0.5,-1.379054528425442,0.1585368999677241,0.15853689996772558,5000,SPIBB,3.0,-0.1470601238376264,0.6348932603137916,0.408871506304749,0.4088715063047522,4.93258810043335
127,2658956083,0.95,7,7,0.0,0.75,-0.7919324544916928,5.403600876626366,5.403600876626366,1.0,1.0,5.403600876626366,5.403600876626366,1.0,1.0,0.7708478732195551,0.7708478732195551,1.0,1.0,1,0.5,-1.379054528425442,0.1585368999677241,0.15853689996772558,5000,shield-SPIBB,3.0,0.7097617924071258,0.7099006983509588,1.0,1.0,5.117634057998657
128,2658956083,0.95,7,7,0.0,0.75,-0.7919324544916928,5.403600876626366,5.403600876626366,1.0,1.0,5.403600876626366,5.403600876626366,1.0,1.0,0.7708478732195551,0.7708478732195551,1.0,1.0,1,0.5,-1.379054528425442,0.1585368999677241,0.15853689996772558,5000,shielded_baseline_point,,0.28680282537887675,0.2866587800194485,1.0,1.0,0.5487430095672607
129,2658956083,0.95,7,7,0.0,0.75,-0.7919324544916928,5.403600876626366,5.403600876626366,1.0,1.0,5.403600876626366,5.403600876626366,1.0,1.0,0.7708478732195551,0.7708478732195551,1.0,1.0,1,0.5,-1.379054528425442,0.1585368999677241,0.15853689996772558,5000,shield-SPIBB_point,3.0,0.7097617924071258,0.7099006983509588,1.0,1.0,4.86876368522644
130,2658956083,0.95,7,7,0.0,0.75,-0.7919324544916928,5.403600876626366,5.403600876626366,1.0,1.0,5.403600876626366,5.403600876626366,1.0,1.0,0.7708478732195551,0.7708478732195551,1.0,1.0,1,0.5,-1.379054528425442,0.1585368999677241,0.15853689996772558,10000,shielded_baseline,,0.28679274095780455,0.2866587843227834,1.0,1.0,0.5309898853302002
131,2658956083,0.95,7,7,0.0,0.75,-0.7919324544916928,5.403600876626366,5.403600876626366,1.0,1.0,5.403600876626366,5.403600876626366,1.0,1.0,0.7708478732195551,0.7708478732195551,1.0,1.0,1,0.5,-1.379054528425442,0.1585368999677241,0.15853689996772558,10000,MO_SPIBB,1.0,1.7478247794890394,2.2298992785463136,0.7896477403350892,0.7896482741078672,793.9842267036438
132,2658956083,0.95,7,7,0.0,0.75,-0.7919324544916928,5.403600876626366,5.403600876626366,1.0,1.0,5.403600876626366,5.403600876626366,1.0,1.0,0.7708478732195551,0.7708478732195551,1.0,1.0,1,0.5,-1.379054528425442,0.1585368999677241,0.15853689996772558,10000,SPIBB,3.0,0.34224409681783974,1.0338091814077852,0.5406606517387134,0.5406606760479026,9.208641767501831
133,2658956083,0.95,7,7,0.0,0.75,-0.7919324544916928,5.403600876626366,5.403600876626366,1.0,1.0,5.403600876626366,5.403600876626366,1.0,1.0,0.7708478732195551,0.7708478732195551,1.0,1.0,1,0.5,-1.379054528425442,0.1585368999677241,0.15853689996772558,10000,shield-SPIBB,3.0,1.133895335759499,1.134055743056988,1.0,1.0,9.57720398902893
134,2658956083,0.95,7,7,0.0,0.75,-0.7919324544916928,5.403600876626366,5.403600876626366,1.0,1.0,5.403600876626366,5.403600876626366,1.0,1.0,0.7708478732195551,0.7708478732195551,1.0,1.0,1,0.5,-1.379054528425442,0.1585368999677241,0.15853689996772558,10000,shielded_baseline,,0.28680282537887675,0.2866587800194485,1.0,1.0,0.5370047092437744
135,2658956083,0.95,7,7,0.0,0.75,-0.7919324544916928,5.403600876626366,5.403600876626366,1.0,1.0,5.403600876626366,5.403600876626366,1.0,1.0,0.7708478732195551,0.7708478732195551,1.0,1.0,1,0.5,-1.379054528425442,0.1585368999677241,0.15853689996772558,10000,MO_SPIBB,1.0,1.7478247794890394,2.2298992785463136,0.7896477403350892,0.7896482741078672,792.8778281211853
136,2658956083,0.95,7,7,0.0,0.75,-0.7919324544916928,5.403600876626366,5.403600876626366,1.0,1.0,5.403600876626366,5.403600876626366,1.0,1.0,0.7708478732195551,0.7708478732195551,1.0,1.0,1,0.5,-1.379054528425442,0.1585368999677241,0.15853689996772558,10000,SPIBB,3.0,0.34224409681783974,1.0338091814077852,0.5406606517387134,0.5406606760479026,8.86050796508789
137,2658956083,0.95,7,7,0.0,0.75,-0.7919324544916928,5.403600876626366,5.403600876626366,1.0,1.0,5.403600876626366,5.403600876626366,1.0,1.0,0.7708478732195551,0.7708478732195551,1.0,1.0,1,0.5,-1.379054528425442,0.1585368999677241,0.15853689996772558,10000,shield-SPIBB,3.0,1.1338977617074608,1.1340564865686276,1.0,1.0,9.444957971572876
138,2658956083,0.95,7,7,0.0,0.75,-0.7919324544916928,5.403600876626366,5.403600876626366,1.0,1.0,5.403600876626366,5.403600876626366,1.0,1.0,0.7708478732195551,0.7708478732195551,1.0,1.0,1,0.5,-1.379054528425442,0.1585368999677241,0.15853689996772558,10000,shielded_baseline_point,,0.28680282537887675,0.2866587800194485,1.0,1.0,0.5484240055084229
139,2658956083,0.95,7,7,0.0,0.75,-0.7919324544916928,5.403600876626366,5.403600876626366,1.0,1.0,5.403600876626366,5.403600876626366,1.0,1.0,0.7708478732195551,0.7708478732195551,1.0,1.0,1,0.5,-1.379054528425442,0.1585368999677241,0.15853689996772558,10000,shield-SPIBB_point,3.0,1.1338977617074608,1.1340564865686276,1.0,1.0,9.450685977935791
140,2658956083,0.95,7,7,0.0,0.75,-0.7919324544916928,5.403600876626366,5.403600876626366,1.0,1.0,5.403600876626366,5.403600876626366,1.0,1.0,0.7708478732195551,0.7708478732195551,1.0,1.0,1,0.5,-1.379054528425442,0.1585368999677241,0.15853689996772558,15000,shielded_baseline,,0.28679274095780455,0.2866587843227834,1.0,1.0,0.5191018581390381
141,2658956083,0.95,7,7,0.0,0.75,-0.7919324544916928,5.403600876626366,5.403600876626366,1.0,1.0,5.403600876626366,5.403600876626366,1.0,1.0,0.7708478732195551,0.7708478732195551,1.0,1.0,1,0.5,-1.379054528425442,0.1585368999677241,0.15853689996772558,15000,MO_SPIBB,1.0,2.4965057958292407,2.8903963097451126,0.8583750551202799,0.8583750539706323,849.5555768013
142,2658956083,0.95,7,7,0.0,0.75,-0.7919324544916928,5.403600876626366,5.403600876626366,1.0,1.0,5.403600876626366,5.403600876626366,1.0,1.0,0.7708478732195551,0.7708478732195551,1.0,1.0,1,0.5,-1.379054528425442,0.1585368999677241,0.15853689996772558,15000,SPIBB,3.0,0.8045503808884061,1.4847204812488595,0.6254545771727706,0.6254545771727725,11.745232105255127
143,2658956083,0.95,7,7,0.0,0.75,-0.7919324544916928,5.403600876626366,5.403600876626366,1.0,1.0,5.403600876626366,5.403600876626366,1.0,1.0,0.7708478732195551,0.7708478732195551,1.0,1.0,1,0.5,-1.379054528425442,0.1585368999677241,0.15853689996772558,15000,shield-SPIBB,3.0,1.637691004641342,1.6376944524245918,1.0,1.0,12.530411005020142
144,2658956083,0.95,7,7,0.0,0.75,-0.7919324544916928,5.403600876626366,5.403600876626366,1.0,1.0,5.403600876626366,5.403600876626366,1.0,1.0,0.7708478732195551,0.7708478732195551,1.0,1.0,1,0.5,-1.379054528425442,0.1585368999677241,0.15853689996772558,15000,shielded_baseline,,0.28680282537887675,0.2866587800194485,1.0,1.0,0.5414798259735107
145,2658956083,0.95,7,7,0.0,0.75,-0.7919324544916928,5.403600876626366,5.403600876626366,1.0,1.0,5.403600876626366,5.403600876626366,1.0,1.0,0.7708478732195551,0.7708478732195551,1.0,1.0,1,0.5,-1.379054528425442,0.1585368999677241,0.15853689996772558,15000,MO_SPIBB,1.0,2.4965057958292407,2.8903963097451126,0.8583750551202799,0.8583750539706323,853.0006971359253
146,2658956083,0.95,7,7,0.0,0.75,-0.7919324544916928,5.403600876626366,5.403600876626366,1.0,1.0,5.403600876626366,5.403600876626366,1.0,1.0,0.7708478732195551,0.7708478732195551,1.0,1.0,1,0.5,-1.379054528425442,0.1585368999677241,0.15853689996772558,15000,SPIBB,3.0,0.8045503808884061,1.4847204812488595,0.6254545771727706,0.6254545771727725,11.961789846420288
147,2658956083,0.95,7,7,0.0,0.75,-0.7919324544916928,5.403600876626366,5.403600876626366,1.0,1.0,5.403600876626366,5.403600876626366,1.0,1.0,0.7708478732195551,0.7708478732195551,1.0,1.0,1,0.5,-1.379054528425442,0.1585368999677241,0.15853689996772558,15000,shield-SPIBB,3.0,1.6376912314878351,1.637697910153658,1.0,1.0,12.485251903533936
148,2658956083,0.95,7,7,0.0,0.75,-0.7919324544916928,5.403600876626366,5.403600876626366,1.0,1.0,5.403600876626366,5.403600876626366,1.0,1.0,0.7708478732195551,0.7708478732195551,1.0,1.0,1,0.5,-1.379054528425442,0.1585368999677241,0.15853689996772558,15000,shielded_baseline_point,,0.28680282537887675,0.2866587800194485,1.0,1.0,0.5327670574188232
149,2658956083,0.95,7,7,0.0,0.75,-0.7919324544916928,5.403600876626366,5.403600876626366,1.0,1.0,5.403600876626366,5.403600876626366,1.0,1.0,0.7708478732195551,0.7708478732195551,1.0,1.0,1,0.5,-1.379054528425442,0.1585368999677241,0.15853689996772558,15000,shield-SPIBB_point,3.0,1.6376912314878351,1.637697910153658,1.0,1.0,12.505083799362183
150,2658956083,0.95,7,7,0.0,0.75,-0.7919324544916928,5.403600876626366,5.403600876626366,1.0,1.0,5.403600876626366,5.403600876626366,1.0,1.0,0.7708478732195551,0.7708478732195551,1.0,1.0,1,0.5,-1.379054528425442,0.1585368999677241,0.15853689996772558,25000,shielded_baseline,,0.28679274095780455,0.2866587843227834,1.0,1.0,0.5183098316192627
151,2658956083,0.95,7,7,0.0,0.75,-0.7919324544916928,5.403600876626366,5.403600876626366,1.0,1.0,5.403600876626366,5.403600876626366,1.0,1.0,0.7708478732195551,0.7708478732195551,1.0,1.0,1,0.5,-1.379054528425442,0.1585368999677241,0.15853689996772558,25000,MO_SPIBB,1.0,3.29193217940716,3.5710197548653313,0.915867275606128,0.9158674017924007,1063.145956993103
152,2658956083,0.95,7,7,0.0,0.75,-0.7919324544916928,5.403600876626366,5.403600876626366,1.0,1.0,5.403600876626366,5.403600876626366,1.0,1.0,0.7708478732195551,0.7708478732195551,1.0,1.0,1,0.5,-1.379054528425442,0.1585368999677241,0.15853689996772558,25000,SPIBB,3.0,1.8808906779168137,2.4725896633530504,0.7625885891466079,0.7625884369817716,15.264964818954468
153,2658956083,0.95,7,7,0.0,0.75,-0.7919324544916928,5.403600876626366,5.403600876626366,1.0,1.0,5.403600876626366,5.403600876626366,1.0,1.0,0.7708478732195551,0.7708478732195551,1.0,1.0,1,0.5,-1.379054528425442,0.1585368999677241,0.15853689996772558,25000,shield-SPIBB,3.0,2.6526488241794337,2.6526515341847086,1.0,1.0,15.955081939697266
154,2658956083,0.95,7,7,0.0,0.75,-0.7919324544916928,5.403600876626366,5.403600876626366,1.0,1.0,5.403600876626366,5.403600876626366,1.0,1.0,0.7708478732195551,0.7708478732195551,1.0,1.0,1,0.5,-1.379054528425442,0.1585368999677241,0.15853689996772558,25000,shielded_baseline,,0.28680282537887675,0.2866587800194485,1.0,1.0,0.5470180511474609
155,2658956083,0.95,7,7,0.0,0.75,-0.7919324544916928,5.403600876626366,5.403600876626366,1.0,1.0,5.403600876626366,5.403600876626366,1.0,1.0,0.7708478732195551,0.7708478732195551,1.0,1.0,1,0.5,-1.379054528425442,0.1585368999677241,0.15853689996772558,25000,MO_SPIBB,1.0,3.29193217940716,3.5710197548653313,0.915867275606128,0.9158674017924007,1063.5055849552155
156,2658956083,0.95,7,7,0.0,0.75,-0.7919324544916928,5.403600876626366,5.403600876626366,1.0,1.0,5.403600876626366,5.403600876626366,1.0,1.0,0.7708478732195551,0.7708478732195551,1.0,1.0,1,0.5,-1.379054528425442,0.1585368999677241,0.15853689996772558,25000,SPIBB,3.0,1.8808906779168137,2.4725896633530504,0.7625885891466079,0.7625884369817716,15.251988887786865
157,2658956083,0.95,7,7,0.0,0.75,-0.7919324544916928,5.403600876626366,5.403600876626366,1.0,1.0,5.403600876626366,5.403600876626366,1.0,1.0,0.7708478732195551,0.7708478732195551,1.0,1.0,1,0.5,-1.379054528425442,0.1585368999677241,0.15853689996772558,25000,shield-SPIBB,3.0,2.6526539938076263,2.652657720197278,1.0,1.0,15.832599878311157
158,2658956083,0.95,7,7,0.0,0.75,-0.7919324544916928,5.403600876626366,5.403600876626366,1.0,1.0,5.403600876626366,5.403600876626366,1.0,1.0,0.7708478732195551,0.7708478732195551,1.0,1.0,1,0.5,-1.379054528425442,0.1585368999677241,0.15853689996772558,25000,shielded_baseline_point,,0.28680282537887675,0.2866587800194485,1.0,1.0,0.5490660667419434
159,2658956083,0.95,7,7,0.0,0.75,-0.7919324544916928,5.403600876626366,5.403600876626366,1.0,1.0,5.403600876626366,5.403600876626366,1.0,1.0,0.7708478732195551,0.7708478732195551,1.0,1.0,1,0.5,-1.379054528425442,0.1585368999677241,0.15853689996772558,25000,shield-SPIBB_point,3.0,2.6526539938076263,2.652657720197278,1.0,1.0,15.786269903182983
160,2658956083,0.95,7,7,0.0,0.75,-0.7919324544916928,5.403600876626366,5.403600876626366,1.0,1.0,5.403600876626366,5.403600876626366,1.0,1.0,0.7708478732195551,0.7708478732195551,1.0,1.0,1,0.5,-1.379054528425442,0.1585368999677241,0.15853689996772558,35000,shielded_baseline,,0.28679274095780455,0.2866587843227834,1.0,1.0,0.5153131484985352
161,2658956083,0.95,7,7,0.0,0.75,-0.7919324544916928,5.403600876626366,5.403600876626366,1.0,1.0,5.403600876626366,5.403600876626366,1.0,1.0,0.7708478732195551,0.7708478732195551,1.0,1.0,1,0.5,-1.379054528425442,0.1585368999677241,0.15853689996772558,35000,MO_SPIBB,1.0,3.749957858078063,3.9535559021492555,0.9435319360073974,0.9435320650426474,953.9948861598969
162,2658956083,0.95,7,7,0.0,0.75,-0.7919324544916928,5.403600876626366,5.403600876626366,1.0,1.0,5.403600876626366,5.403600876626366,1.0,1.0,0.7708478732195551,0.7708478732195551,1.0,1.0,1,0.5,-1.379054528425442,0.1585368999677241,0.15853689996772558,35000,SPIBB,3.0,2.58873498861707,3.119128432989884,0.8229012071714134,0.8229012800421708,16.85720705986023
163,2658956083,0.95,7,7,0.0,0.75,-0.7919324544916928,5.403600876626366,5.403600876626366,1.0,1.0,5.403600876626366,5.403600876626366,1.0,1.0,0.7708478732195551,0.7708478732195551,1.0,1.0,1,0.5,-1.379054528425442,0.1585368999677241,0.15853689996772558,35000,shield-SPIBB,3.0,3.3602668879600532,3.3602682993104813,1.0,1.0,17.631834268569946
164,2658956083,0.95,7,7,0.0,0.75,-0.7919324544916928,5.403600876626366,5.403600876626366,1.0,1.0,5.403600876626366,5.403600876626366,1.0,1.0,0.7708478732195551,0.7708478732195551,1.0,1.0,1,0.5,-1.379054528425442,0.1585368999677241,0.15853689996772558,35000,shielded_baseline,,0.28680282537887675,0.2866587800194485,1.0,1.0,0.5531728267669678
165,2658956083,0.95,7,7,0.0,0.75,-0.7919324544916928,5.403600876626366,5.403600876626366,1.0,1.0,5.403600876626366,5.403600876626366,1.0,1.0,0.7708478732195551,0.7708478732195551,1.0,1.0,1,0.5,-1.379054528425442,0.1585368999677241,0.15853689996772558,35000,MO_SPIBB,1.0,3.749957858078063,3.9535559021492555,0.9435319360073974,0.9435320650426474,953.4032788276672
166,2658956083,0.95,7,7,0.0,0.75,-0.7919324544916928,5.403600876626366,5.403600876626366,1.0,1.0,5.403600876626366,5.403600876626366,1.0,1.0,0.7708478732195551,0.7708478732195551,1.0,1.0,1,0.5,-1.379054528425442,0.1585368999677241,0.15853689996772558,35000,SPIBB,3.0,2.58873498861707,3.119128432989884,0.8229012071714134,0.8229012800421708,16.56081795692444
167,2658956083,0.95,7,7,0.0,0.75,-0.7919324544916928,5.403600876626366,5.403600876626366,1.0,1.0,5.403600876626366,5.403600876626366,1.0,1.0,0.7708478732195551,0.7708478732195551,1.0,1.0,1,0.5,-1.379054528425442,0.1585368999677241,0.15853689996772558,35000,shield-SPIBB,3.0,3.360267953296842,3.360268689357605,1.0,1.0,17.406108140945435
168,2658956083,0.95,7,7,0.0,0.75,-0.7919324544916928,5.403600876626366,5.403600876626366,1.0,1.0,5.403600876626366,5.403600876626366,1.0,1.0,0.7708478732195551,0.7708478732195551,1.0,1.0,1,0.5,-1.379054528425442,0.1585368999677241,0.15853689996772558,35000,shielded_baseline_point,,0.28680282537887675,0.2866587800194485,1.0,1.0,0.5212039947509766
169,2658956083,0.95,7,7,0.0,0.75,-0.7919324544916928,5.403600876626366,5.403600876626366,1.0,1.0,5.403600876626366,5.403600876626366,1.0,1.0,0.7708478732195551,0.7708478732195551,1.0,1.0,1,0.5,-1.379054528425442,0.1585368999677241,0.15853689996772558,35000,shield-SPIBB_point,3.0,3.360267953296842,3.360268689357605,1.0,1.0,17.145931005477905
170,2658956083,0.95,7,7,0.0,0.75,-0.7919324544916928,5.403600876626366,5.403600876626366,1.0,1.0,5.403600876626366,5.403600876626366,1.0,1.0,0.7708478732195551,0.7708478732195551,1.0,1.0,1,0.5,-1.379054528425442,0.1585368999677241,0.15853689996772558,50000,shielded_baseline,,0.28679274095780455,0.2866587843227834,1.0,1.0,0.5419719219207764
171,2658956083,0.95,7,7,0.0,0.75,-0.7919324544916928,5.403600876626366,5.403600876626366,1.0,1.0,5.403600876626366,5.403600876626366,1.0,1.0,0.7708478732195551,0.7708478732195551,1.0,1.0,1,0.5,-1.379054528425442,0.1585368999677241,0.15853689996772558,50000,MO_SPIBB,1.0,4.145832424217965,4.283227133909705,0.9650884332074614,0.9650882628318855,1140.6732029914856
172,2658956083,0.95,7,7,0.0,0.75,-0.7919324544916928,5.403600876626366,5.403600876626366,1.0,1.0,5.403600876626366,5.403600876626366,1.0,1.0,0.7708478732195551,0.7708478732195551,1.0,1.0,1,0.5,-1.379054528425442,0.1585368999677241,0.15853689996772558,50000,SPIBB,3.0,3.2018216410900204,3.636600229929882,0.8719347990571823,0.8719347174371885,19.306209087371826
173,2658956083,0.95,7,7,0.0,0.75,-0.7919324544916928,5.403600876626366,5.403600876626366,1.0,1.0,5.403600876626366,5.403600876626366,1.0,1.0,0.7708478732195551,0.7708478732195551,1.0,1.0,1,0.5,-1.379054528425442,0.1585368999677241,0.15853689996772558,50000,shield-SPIBB,3.0,3.8945751218014237,3.894577480361157,1.0,1.0,19.368061304092407
174,2658956083,0.95,7,7,0.0,0.75,-0.7919324544916928,5.403600876626366,5.403600876626366,1.0,1.0,5.403600876626366,5.403600876626366,1.0,1.0,0.7708478732195551,0.7708478732195551,1.0,1.0,1,0.5,-1.379054528425442,0.1585368999677241,0.15853689996772558,50000,shielded_baseline,,0.28680282537887675,0.2866587800194485,1.0,1.0,0.550091028213501
175,2658956083,0.95,7,7,0.0,0.75,-0.7919324544916928,5.403600876626366,5.403600876626366,1.0,1.0,5.403600876626366,5.403600876626366,1.0,1.0,0.7708478732195551,0.7708478732195551,1.0,1.0,1,0.5,-1.379054528425442,0.1585368999677241,0.15853689996772558,50000,MO_SPIBB,1.0,4.145832424217965,4.283227133909705,0.9650884332074614,0.9650882628318855,1135.9261932373047
176,2658956083,0.95,7,7,0.0,0.75,-0.7919324544916928,5.403600876626366,5.403600876626366,1.0,1.0,5.403600876626366,5.403600876626366,1.0,1.0,0.7708478732195551,0.7708478732195551,1.0,1.0,1,0.5,-1.379054528425442,0.1585368999677241,0.15853689996772558,50000,SPIBB,3.0,3.2018216410900204,3.636600229929882,0.8719347990571823,0.8719347174371885,19.368241786956787
177,2658956083,0.95,7,7,0.0,0.75,-0.7919324544916928,5.403600876626366,5.403600876626366,1.0,1.0,5.403600876626366,5.403600876626366,1.0,1.0,0.7708478732195551,0.7708478732195551,1.0,1.0,1,0.5,-1.379054528425442,0.1585368999677241,0.15853689996772558,50000,shield-SPIBB,3.0,3.894582855040123,3.894575975574493,1.0,1.0,19.386937856674194
178,2658956083,0.95,7,7,0.0,0.75,-0.7919324544916928,5.403600876626366,5.403600876626366,1.0,1.0,5.403600876626366,5.403600876626366,1.0,1.0,0.7708478732195551,0.7708478732195551,1.0,1.0,1,0.5,-1.379054528425442,0.1585368999677241,0.15853689996772558,50000,shielded_baseline_point,,0.28680282537887675,0.2866587800194485,1.0,1.0,0.539478063583374
179,2658956083,0.95,7,7,0.0,0.75,-0.7919324544916928,5.403600876626366,5.403600876626366,1.0,1.0,5.403600876626366,5.403600876626366,1.0,1.0,0.7708478732195551,0.7708478732195551,1.0,1.0,1,0.5,-1.379054528425442,0.1585368999677241,0.15853689996772558,50000,shield-SPIBB_point,3.0,3.894582855040123,3.894575975574493,1.0,1.0,19.416083812713623
180,2658956083,0.95,7,7,0.0,0.75,-0.7919324544916928,5.403600876626366,5.403600876626366,1.0,1.0,5.403600876626366,5.403600876626366,1.0,1.0,0.7708478732195551,0.7708478732195551,1.0,1.0,2,0.5,-1.379054528425442,0.1585368999677241,0.15853689996772558,500,shielded_baseline,,0.28679274095780455,0.2866587843227834,1.0,1.0,0.5312521457672119
181,2658956083,0.95,7,7,0.0,0.75,-0.7919324544916928,5.403600876626366,5.403600876626366,1.0,1.0,5.403600876626366,5.403600876626366,1.0,1.0,0.7708478732195551,0.7708478732195551,1.0,1.0,2,0.5,-1.379054528425442,0.1585368999677241,0.15853689996772558,500,MO_SPIBB,1.0,-1.0044458307262585,0.2595151210924682,0.20064264309443555,0.20064288367022953,186.26325106620789
182,2658956083,0.95,7,7,0.0,0.75,-0.7919324544916928,5.403600876626366,5.403600876626366,1.0,1.0,5.403600876626366,5.403600876626366,1.0,1.0,0.7708478732195551,0.7708478732195551,1.0,1.0,2,0.5,-1.379054528425442,0.1585368999677241,0.15853689996772558,500,SPIBB,3.0,-1.3807501380078244,0.251864276887962,0.16764403881274983,0.16764354959215022,0.26265811920166016
183,2658956083,0.95,7,7,0.0,0.75,-0.7919324544916928,5.403600876626366,5.403600876626366,1.0,1.0,5.403600876626366,5.403600876626366,1.0,1.0,0.7708478732195551,0.7708478732195551,1.0,1.0,2,0.5,-1.379054528425442,0.1585368999677241,0.15853689996772558,500,shield-SPIBB,3.0,0.30657249986684837,0.306543125929062,1.0,1.0,0.2939262390136719
184,2658956083,0.95,7,7,0.0,0.75,-0.7919324544916928,5.403600876626366,5.403600876626366,1.0,1.0,5.403600876626366,5.403600876626366,1.0,1.0,0.7708478732195551,0.7708478732195551,1.0,1.0,2,0.5,-1.379054528425442,0.1585368999677241,0.15853689996772558,500,shielded_baseline,,0.28680282537887675,0.2866587800194485,1.0,1.0,0.5477819442749023
185,2658956083,0.95,7,7,0.0,0.75,-0.7919324544916928,5.403600876626366,5.403600876626366,1.0,1.0,5.403600876626366,5.403600876626366,1.0,1.0,0.7708478732195551,0.7708478732195551,1.0,1.0,2,0.5,-1.379054528425442,0.1585368999677241,0.15853689996772558,500,MO_SPIBB,1.0,-1.0044458307262585,0.2595151210924682,0.20064264309443555,0.20064288367022953,186.1992540359497
186,2658956083,0.95,7,7,0.0,0.75,-0.7919324544916928,5.403600876626366,5.403600876626366,1.0,1.0,5.403600876626366,5.403600876626366,1.0,1.0,0.7708478732195551,0.7708478732195551,1.0,1.0,2,0.5,-1.379054528425442,0.1585368999677241,0.15853689996772558,500,SPIBB,3.0,-1.3807501380078244,0.251864276887962,0.16764403881274983,0.16764354959215022,0.28737926483154297
187,2658956083,0.95,7,7,0.0,0.75,-0.7919324544916928,5.403600876626366,5.403600876626366,1.0,1.0,5.403600876626366,5.403600876626366,1.0,1.0,0.7708478732195551,0.7708478732195551,1.0,1.0,2,0.5,-1.379054528425442,0.1585368999677241,0.15853689996772558,500,shield-SPIBB,3.0,0.30657825457781795,0.3065431127829307,1.0,1.0,0.29080986976623535
188,2658956083,0.95,7,7,0.0,0.75,-0.7919324544916928,5.403600876626366,5.403600876626366,1.0,1.0,5.403600876626366,5.403600876626366,1.0,1.0,0.7708478732195551,0.7708478732195551,1.0,1.0,2,0.5,-1.379054528425442,0.1585368999677241,0.15853689996772558,500,shielded_baseline_point,,0.28680282537887675,0.2866587800194485,1.0,1.0,0.5167701244354248
189,2658956083,0.95,7,7,0.0,0.75,-0.7919324544916928,5.403600876626366,5.403600876626366,1.0,1.0,5.403600876626366,5.403600876626366,1.0,1.0,0.7708478732195551,0.7708478732195551,1.0,1.0,2,0.5,-1.379054528425442,0.1585368999677241,0.15853689996772558,500,shield-SPIBB_point,3.0,0.30657825457781795,0.3065431127829307,1.0,1.0,0.27100229263305664
190,2658956083,0.95,7,7,0.0,0.75,-0.7919324544916928,5.403600876626366,5.403600876626366,1.0,1.0,5.403600876626366,5.403600876626366,1.0,1.0,0.7708478732195551,0.7708478732195551,1.0,1.0,2,0.5,-1.379054528425442,0.1585368999677241,0.15853689996772558,1000,shielded_baseline,,0.28679274095780455,0.2866587843227834,1.0,1.0,0.5232512950897217
191,2658956083,0.95,7,7,0.0,0.75,-0.7919324544916928,5.403600876626366,5.403600876626366,1.0,1.0,5.403600876626366,5.403600876626366,1.0,1.0,0.7708478732195551,0.7708478732195551,1.0,1.0,2,0.5,-1.379054528425442,0.1585368999677241,0.15853689996772558,1000,MO_SPIBB,1.0,-0.6618849130375188,0.36928907700868885,0.26622572615718143,0.26622570098271026,324.2287549972534
192,2658956083,0.95,7,7,0.0,0.75,-0.7919324544916928,5.403600876626366,5.403600876626366,1.0,1.0,5.403600876626366,5.403600876626366,1.0,1.0,0.7708478732195551,0.7708478732195551,1.0,1.0,2,0.5,-1.379054528425442,0.1585368999677241,0.15853689996772558,1000,SPIBB,3.0,-1.118639079843086,0.3240847598021261,0.19577126844949852,0.19577127572210906,0.6197659969329834
193,2658956083,0.95,7,7,0.0,0.75,-0.7919324544916928,5.403600876626366,5.403600876626366,1.0,1.0,5.403600876626366,5.403600876626366,1.0,1.0,0.7708478732195551,0.7708478732195551,1.0,1.0,2,0.5,-1.379054528425442,0.1585368999677241,0.15853689996772558,1000,shield-SPIBB,3.0,0.3820875625602436,0.3821768917099769,1.0,1.0,0.6379649639129639
194,2658956083,0.95,7,7,0.0,0.75,-0.7919324544916928,5.403600876626366,5.403600876626366,1.0,1.0,5.403600876626366,5.403600876626366,1.0,1.0,0.7708478732195551,0.7708478732195551,1.0,1.0,2,0.5,-1.379054528425442,0.1585368999677241,0.15853689996772558,1000,shielded_baseline,,0.28680282537887675,0.2866587800194485,1.0,1.0,0.5231430530548096
195,2658956083,0.95,7,7,0.0,0.75,-0.7919324544916928,5.403600876626366,5.403600876626366,1.0,1.0,5.403600876626366,5.403600876626366,1.0,1.0,0.7708478732195551,0.7708478732195551,1.0,1.0,2,0.5,-1.379054528425442,0.1585368999677241,0.15853689996772558,1000,MO_SPIBB,1.0,-0.6618849130375188,0.36928907700868885,0.26622572615718143,0.26622570098271026,323.56693506240845
196,2658956083,0.95,7,7,0.0,0.75,-0.7919324544916928,5.403600876626366,5.403600876626366,1.0,1.0,5.403600876626366,5.403600876626366,1.0,1.0,0.7708478732195551,0.7708478732195551,1.0,1.0,2,0.5,-1.379054528425442,0.1585368999677241,0.15853689996772558,1000,SPIBB,3.0,-1.118639079843086,0.3240847598021261,0.19577126844949852,0.19577127572210906,0.5945405960083008
197,2658956083,0.95,7,7,0.0,0.75,-0.7919324544916928,5.403600876626366,5.403600876626366,1.0,1.0,5.403600876626366,5.403600876626366,1.0,1.0,0.7708478732195551,0.7708478732195551,1.0,1.0,2,0.5,-1.379054528425442,0.1585368999677241,0.15853689996772558,1000,shield-SPIBB,3.0,0.3820853665531481,0.3821768808867469,1.0,1.0,0.6574509143829346
198,2658956083,0.95,7,7,0.0,0.75,-0.7919324544916928,5.403600876626366,5.403600876626366,1.0,1.0,5.403600876626366,5.403600876626366,1.0,1.0,0.7708478732195551,0.7708478732195551,1.0,1.0,2,0.5,-1.379054528425442,0.1585368999677241,0.15853689996772558,1000,shielded_baseline_point,,0.28680282537887675,0.2866587800194485,1.0,1.0,0.5434041023254395
199,2658956083,0.95,7,7,0.0,0.75,-0.7919324544916928,5.403600876626366,5.403600876626366,1.0,1.0,5.403600876626366,5.403600876626366,1.0,1.0,0.7708478732195551,0.7708478732195551,1.0,1.0,2,0.5,-1.379054528425442,0.1585368999677241,0.15853689996772558,1000,shield-SPIBB_point,3.0,0.3820853665531481,0.3821768808867469,1.0,1.0,0.6638956069946289
200,2658956083,0.95,7,7,0.0,0.75,-0.7919324544916928,5.403600876626366,5.403600876626366,1.0,1.0,5.403600876626366,5.403600876626366,1.0,1.0,0.7708478732195551,0.7708478732195551,1.0,1.0,2,0.5,-1.379054528425442,0.1585368999677241,0.15853689996772558,2500,shielded_baseline,,0.28679274095780455,0.2866587843227834,1.0,1.0,0.5396380424499512
201,2658956083,0.95,7,7,0.0,0.75,-0.7919324544916928,5.403600876626366,5.403600876626366,1.0,1.0,5.403600876626366,5.403600876626366,1.0,1.0,0.7708478732195551,0.7708478732195551,1.0,1.0,2,0.5,-1.379054528425442,0.1585368999677241,0.15853689996772558,2500,MO_SPIBB,1.0,-0.07569501569466008,0.6380875354700257,0.4267496694100386,0.42674943899611373,552.3017919063568
202,2658956083,0.95,7,7,0.0,0.75,-0.7919324544916928,5.403600876626366,5.403600876626366,1.0,1.0,5.403600876626366,5.403600876626366,1.0,1.0,0.7708478732195551,0.7708478732195551,1.0,1.0,2,0.5,-1.379054528425442,0.1585368999677241,0.15853689996772558,2500,SPIBB,3.0,-0.7587459386387625,0.436152339485253,0.2757853547260841,0.275785354726086,1.9529709815979004
203,2658956083,0.95,7,7,0.0,0.75,-0.7919324544916928,5.403600876626366,5.403600876626366,1.0,1.0,5.403600876626366,5.403600876626366,1.0,1.0,0.7708478732195551,0.7708478732195551,1.0,1.0,2,0.5,-1.379054528425442,0.1585368999677241,0.15853689996772558,2500,shield-SPIBB,3.0,0.5115249349395969,0.5114729077472394,1.0,1.0,2.0093071460723877
204,2658956083,0.95,7,7,0.0,0.75,-0.7919324544916928,5.403600876626366,5.403600876626366,1.0,1.0,5.403600876626366,5.403600876626366,1.0,1.0,0.7708478732195551,0.7708478732195551,1.0,1.0,2,0.5,-1.379054528425442,0.1585368999677241,0.15853689996772558,2500,shielded_baseline,,0.28680282537887675,0.2866587800194485,1.0,1.0,0.547982931137085
205,2658956083,0.95,7,7,0.0,0.75,-0.7919324544916928,5.403600876626366,5.403600876626366,1.0,1.0,5.403600876626366,5.403600876626366,1.0,1.0,0.7708478732195551,0.7708478732195551,1.0,1.0,2,0.5,-1.379054528425442,0.1585368999677241,0.15853689996772558,2500,MO_SPIBB,1.0,-0.07569501569466008,0.6380875354700257,0.4267496694100386,0.42674943899611373,551.2387139797211
206,2658956083,0.95,7,7,0.0,0.75,-0.7919324544916928,5.403600876626366,5.403600876626366,1.0,1.0,5.403600876626366,5.403600876626366,1.0,1.0,0.7708478732195551,0.7708478732195551,1.0,1.0,2,0.5,-1.379054528425442,0.1585368999677241,0.15853689996772558,2500,SPIBB,3.0,-0.7587459386387625,0.436152339485253,0.2757853547260841,0.275785354726086,1.9427490234375
207,2658956083,0.95,7,7,0.0,0.75,-0.7919324544916928,5.403600876626366,5.403600876626366,1.0,1.0,5.403600876626366,5.403600876626366,1.0,1.0,0.7708478732195551,0.7708478732195551,1.0,1.0,2,0.5,-1.379054528425442,0.1585368999677241,0.15853689996772558,2500,shield-SPIBB,3.0,0.5114937159824309,0.5114728648249715,1.0,1.0,1.9390780925750732
208,2658956083,0.95,7,7,0.0,0.75,-0.7919324544916928,5.403600876626366,5.403600876626366,1.0,1.0,5.403600876626366,5.403600876626366,1.0,1.0,0.7708478732195551,0.7708478732195551,1.0,1.0,2,0.5,-1.379054528425442,0.1585368999677241,0.15853689996772558,2500,shielded_baseline_point,,0.28680282537887675,0.2866587800194485,1.0,1.0,0.5470998287200928
209,2658956083,0.95,7,7,0.0,0.75,-0.7919324544916928,5.403600876626366,5.403600876626366,1.0,1.0,5.403600876626366,5.403600876626366,1.0,1.0,0.7708478732195551,0.7708478732195551,1.0,1.0,2,0.5,-1.379054528425442,0.1585368999677241,0.15853689996772558,2500,shield-SPIBB_point,3.0,0.5114937159824309,0.5114728648249715,1.0,1.0,1.9452950954437256
210,2658956083,0.95,7,7,0.0,0.75,-0.7919324544916928,5.403600876626366,5.403600876626366,1.0,1.0,5.403600876626366,5.403600876626366,1.0,1.0,0.7708478732195551,0.7708478732195551,1.0,1.0,2,0.5,-1.379054528425442,0.1585368999677241,0.15853689996772558,5000,shielded_baseline,,0.28679274095780455,0.2866587843227834,1.0,1.0,0.5339739322662354
211,2658956083,0.95,7,7,0.0,0.75,-0.7919324544916928,5.403600876626366,5.403600876626366,1.0,1.0,5.403600876626366,5.403600876626366,1.0,1.0,0.7708478732195551,0.7708478732195551,1.0,1.0,2,0.5,-1.379054528425442,0.1585368999677241,0.15853689996772558,5000,MO_SPIBB,1.0,0.6500844579035864,1.2403606592606076,0.6189666028908666,0.6189666023590172,672.9405879974365
212,2658956083,0.95,7,7,0.0,0.75,-0.7919324544916928,5.403600876626366,5.403600876626366,1.0,1.0,5.403600876626366,5.403600876626366,1.0,1.0,0.7708478732195551,0.7708478732195551,1.0,1.0,2,0.5,-1.379054528425442,0.1585368999677241,0.15853689996772558,5000,SPIBB,3.0,-0.22422654985194684,0.6552087966697272,0.3923877014968227,0.392387701496826,4.886951923370361
213,2658956083,0.95,7,7,0.0,0.75,-0.7919324544916928,5.403600876626366,5.403600876626366,1.0,1.0,5.403600876626366,5.403600876626366,1.0,1.0,0.7708478732195551,0.7708478732195551,1.0,1.0,2,0.5,-1.379054528425442,0.1585368999677241,0.15853689996772558,5000,shield-SPIBB,3.0,0.7323586643264168,0.7322415535011145,1.0,1.0,4.9374189376831055
214,2658956083,0.95,7,7,0.0,0.75,-0.7919324544916928,5.403600876626366,5.403600876626366,1.0,1.0,5.403600876626366,5.403600876626366,1.0,1.0,0.7708478732195551,0.7708478732195551,1.0,1.0,2,0.5,-1.379054528425442,0.1585368999677241,0.15853689996772558,5000,shielded_baseline,,0.28680282537887675,0.2866587800194485,1.0,1.0,0.5402002334594727
215,2658956083,0.95,7,7,0.0,0.75,-0.7919324544916928,5.403600876626366,5.403600876626366,1.0,1.0,5.403600876626366,5.403600876626366,1.0,1.0,0.7708478732195551,0.7708478732195551,1.0,1.0,2,0.5,-1.379054528425442,0.1585368999677241,0.15853689996772558,5000,MO_SPIBB,1.0,0.6500844579035864,1.2403606592606076,0.6189666028908666,0.6189666023590172,673.1058738231659
216,2658956083,0.95,7,7,0.0,0.75,-0.7919324544916928,5.403600876626366,5.403600876626366,1.0,1.0,5.403600876626366,5.403600876626366,1.0,1.0,0.7708478732195551,0.7708478732195551,1.0,1.0,2,0.5,-1.379054528425442,0.1585368999677241,0.15853689996772558,5000,SPIBB,3.0,-0.22422654985194684,0.6552087966697272,0.3923877014968227,0.392387701496826,4.825139045715332
217,2658956083,0.95,7,7,0.0,0.75,-0.7919324544916928,5.403600876626366,5.403600876626366,1.0,1.0,5.403600876626366,5.403600876626366,1.0,1.0,0.7708478732195551,0.7708478732195551,1.0,1.0,2,0.5,-1.379054528425442,0.1585368999677241,0.15853689996772558,5000,shield-SPIBB,3.0,0.7323587959910351,0.732241551322195,1.0,1.0,4.567950248718262
218,2658956083,0.95,7,7,0.0,0.75,-0.7919324544916928,5.403600876626366,5.403600876626366,1.0,1.0,5.403600876626366,5.403600876626366,1.0,1.0,0.7708478732195551,0.7708478732195551,1.0,1.0,2,0.5,-1.379054528425442,0.1585368999677241,0.15853689996772558,5000,shielded_baseline_point,,0.28680282537887675,0.2866587800194485,1.0,1.0,0.5316119194030762
219,2658956083,0.95,7,7,0.0,0.75,-0.7919324544916928,5.403600876626366,5.403600876626366,1.0,1.0,5.403600876626366,5.403600876626366,1.0,1.0,0.7708478732195551,0.7708478732195551,1.0,1.0,2,0.5,-1.379054528425442,0.1585368999677241,0.15853689996772558,5000,shield-SPIBB_point,3.0,0.7323587959910351,0.732241551322195,1.0,1.0,4.768675088882446
220,2658956083,0.95,7,7,0.0,0.75,-0.7919324544916928,5.403600876626366,5.403600876626366,1.0,1.0,5.403600876626366,5.403600876626366,1.0,1.0,0.7708478732195551,0.7708478732195551,1.0,1.0,2,0.5,-1.379054528425442,0.1585368999677241,0.15853689996772558,10000,shielded_baseline,,0.28679274095780455,0.2866587843227834,1.0,1.0,0.5301449298858643
221,2658956083,0.95,7,7,0.0,0.75,-0.7919324544916928,5.403600876626366,5.403600876626366,1.0,1.0,5.403600876626366,5.403600876626366,1.0,1.0,0.7708478732195551,0.7708478732195551,1.0,1.0,2,0.5,-1.379054528425442,0.1585368999677241,0.15853689996772558,10000,MO_SPIBB,1.0,1.7200976476698076,2.2282782741976876,0.7790879479322192,0.7790885278987578,784.4109020233154
222,2658956083,0.95,7,7,0.0,0.75,-0.7919324544916928,5.403600876626366,5.403600876626366,1.0,1.0,5.403600876626366,5.403600876626366,1.0,1.0,0.7708478732195551,0.7708478732195551,1.0,1.0,2,0.5,-1.379054528425442,0.1585368999677241,0.15853689996772558,10000,SPIBB,3.0,0.3077460840807773,1.0143472848853041,0.5275586764747259,0.527558676474728,8.747540950775146
223,2658956083,0.95,7,7,0.0,0.75,-0.7919324544916928,5.403600876626366,5.403600876626366,1.0,1.0,5.403600876626366,5.403600876626366,1.0,1.0,0.7708478732195551,0.7708478732195551,1.0,1.0,2,0.5,-1.379054528425442,0.1585368999677241,0.15853689996772558,10000,shield-SPIBB,3.0,1.1228057658905506,1.1228737311923043,1.0,1.0,8.935848951339722
224,2658956083,0.95,7,7,0.0,0.75,-0.7919324544916928,5.403600876626366,5.403600876626366,1.0,1.0,5.403600876626366,5.403600876626366,1.0,1.0,0.7708478732195551,0.7708478732195551,1.0,1.0,2,0.5,-1.379054528425442,0.1585368999677241,0.15853689996772558,10000,shielded_baseline,,0.28680282537887675,0.2866587800194485,1.0,1.0,0.5494580268859863
225,2658956083,0.95,7,7,0.0,0.75,-0.7919324544916928,5.403600876626366,5.403600876626366,1.0,1.0,5.403600876626366,5.403600876626366,1.0,1.0,0.7708478732195551,0.7708478732195551,1.0,1.0,2,0.5,-1.379054528425442,0.1585368999677241,0.15853689996772558,10000,MO_SPIBB,1.0,1.7200976476698076,2.2282782741976876,0.7790879479322192,0.7790885278987578,786.5540270805359
226,2658956083,0.95,7,7,0.0,0.75,-0.7919324544916928,5.403600876626366,5.403600876626366,1.0,1.0,5.403600876626366,5.403600876626366,1.0,1.0,0.7708478732195551,0.7708478732195551,1.0,1.0,2,0.5,-1.379054528425442,0.1585368999677241,0.15853689996772558,10000,SPIBB,3.0,0.3077460840807773,1.0143472848853041,0.5275586764747259,0.527558676474728,8.972843170166016
227,2658956083,0.95,7,7,0.0,0.75,-0.7919324544916928,5.403600876626366,5.403600876626366,1.0,1.0,5.403600876626366,5.403600876626366,1.0,1.0,0.7708478732195551,0.7708478732195551,1.0,1.0,2,0.5,-1.379054528425442,0.1585368999677241,0.15853689996772558,10000,shield-SPIBB,3.0,1.122806779278164,1.1229061452642515,1.0,1.0,8.69606876373291
228,2658956083,0.95,7,7,0.0,0.75,-0.7919324544916928,5.403600876626366,5.403600876626366,1.0,1.0,5.403600876626366,5.403600876626366,1.0,1.0,0.7708478732195551,0.7708478732195551,1.0,1.0,2,0.5,-1.379054528425442,0.1585368999677241,0.15853689996772558,10000,shielded_baseline_point,,0.28680282537887675,0.2866587800194485,1.0,1.0,0.539992094039917
229,2658956083,0.95,7,7,0.0,0.75,-0.7919324544916928,5.403600876626366,5.403600876626366,1.0,1.0,5.403600876626366,5.403600876626366,1.0,1.0,0.7708478732195551,0.7708478732195551,1.0,1.0,2,0.5,-1.379054528425442,0.1585368999677241,0.15853689996772558,10000,shield-SPIBB_point,3.0,1.122806779278164,1.1229061452642515,1.0,1.0,8.707211017608643
230,2658956083,0.95,7,7,0.0,0.75,-0.7919324544916928,5.403600876626366,5.403600876626366,1.0,1.0,5.403600876626366,5.403600876626366,1.0,1.0,0.7708478732195551,0.7708478732195551,1.0,1.0,2,0.5,-1.379054528425442,0.1585368999677241,0.15853689996772558,15000,shielded_baseline,,0.28679274095780455,0.2866587843227834,1.0,1.0,0.5347352027893066
231,2658956083,0.95,7,7,0.0,0.75,-0.7919324544916928,5.403600876626366,5.403600876626366,1.0,1.0,5.403600876626366,5.403600876626366,1.0,1.0,0.7708478732195551,0.7708478732195551,1.0,1.0,2,0.5,-1.379054528425442,0.1585368999677241,0.15853689996772558,15000,MO_SPIBB,1.0,2.419964236992178,2.860003478969905,0.8448358808417368,0.844836097829276,987.5655920505524
232,2658956083,0.95,7,7,0.0,0.75,-0.7919324544916928,5.403600876626366,5.403600876626366,1.0,1.0,5.403600876626366,5.403600876626366,1.0,1.0,0.7708478732195551,0.7708478732195551,1.0,1.0,2,0.5,-1.379054528425442,0.1585368999677241,0.15853689996772558,15000,SPIBB,3.0,0.7620516453512653,1.4187387105862692,0.6239288671923071,0.6239288671923089,11.924913167953491
233,2658956083,0.95,7,7,0.0,0.75,-0.7919324544916928,5.403600876626366,5.403600876626366,1.0,1.0,5.403600876626366,5.403600876626366,1.0,1.0,0.7708478732195551,0.7708478732195551,1.0,1.0,2,0.5,-1.379054528425442,0.1585368999677241,0.15853689996772558,15000,shield-SPIBB,3.0,1.5719131400780844,1.5719241792341112,1.0,1.0,12.419108152389526
234,2658956083,0.95,7,7,0.0,0.75,-0.7919324544916928,5.403600876626366,5.403600876626366,1.0,1.0,5.403600876626366,5.403600876626366,1.0,1.0,0.7708478732195551,0.7708478732195551,1.0,1.0,2,0.5,-1.379054528425442,0.1585368999677241,0.15853689996772558,15000,shielded_baseline,,0.28680282537887675,0.2866587800194485,1.0,1.0,0.5394008159637451
235,2658956083,0.95,7,7,0.0,0.75,-0.7919324544916928,5.403600876626366,5.403600876626366,1.0,1.0,5.403600876626366,5.403600876626366,1.0,1.0,0.7708478732195551,0.7708478732195551,1.0,1.0,2,0.5,-1.379054528425442,0.1585368999677241,0.15853689996772558,15000,MO_SPIBB,1.0,2.419964236992178,2.860003478969905,0.8448358808417368,0.844836097829276,987.3105430603027
236,2658956083,0.95,7,7,0.0,0.75,-0.7919324544916928,5.403600876626366,5.403600876626366,1.0,1.0,5.403600876626366,5.403600876626366,1.0,1.0,0.7708478732195551,0.7708478732195551,1.0,1.0,2,0.5,-1.379054528425442,0.1585368999677241,0.15853689996772558,15000,SPIBB,3.0,0.7620516453512653,1.4187387105862692,0.6239288671923071,0.6239288671923089,11.754960060119629
237,2658956083,0.95,7,7,0.0,0.75,-0.7919324544916928,5.403600876626366,5.403600876626366,1.0,1.0,5.403600876626366,5.403600876626366,1.0,1.0,0.7708478732195551,0.7708478732195551,1.0,1.0,2,0.5,-1.379054528425442,0.1585368999677241,0.15853689996772558,15000,shield-SPIBB,3.0,1.5719203424295267,1.5719241829510628,1.0,1.0,12.18218994140625
238,2658956083,0.95,7,7,0.0,0.75,-0.7919324544916928,5.403600876626366,5.403600876626366,1.0,1.0,5.403600876626366,5.403600876626366,1.0,1.0,0.7708478732195551,0.7708478732195551,1.0,1.0,2,0.5,-1.379054528425442,0.1585368999677241,0.15853689996772558,15000,shielded_baseline_point,,0.28680282537887675,0.2866587800194485,1.0,1.0,0.5383799076080322
239,2658956083,0.95,7,7,0.0,0.75,-0.7919324544916928,5.403600876626366,5.403600876626366,1.0,1.0,5.403600876626366,5.403600876626366,1.0,1.0,0.7708478732195551,0.7708478732195551,1.0,1.0,2,0.5,-1.379054528425442,0.1585368999677241,0.15853689996772558,15000,shield-SPIBB_point,3.0,1.5719203424295267,1.5719241829510628,1.0,1.0,11.63529896736145
240,2658956083,0.95,7,7,0.0,0.75,-0.7919324544916928,5.403600876626366,5.403600876626366,1.0,1.0,5.403600876626366,5.403600876626366,1.0,1.0,0.7708478732195551,0.7708478732195551,1.0,1.0,2,0.5,-1.379054528425442,0.1585368999677241,0.15853689996772558,25000,shielded_baseline,,0.28679274095780455,0.2866587843227834,1.0,1.0,0.5329940319061279
241,2658956083,0.95,7,7,0.0,0.75,-0.7919324544916928,5.403600876626366,5.403600876626366,1.0,1.0,5.403600876626366,5.403600876626366,1.0,1.0,0.7708478732195551,0.7708478732195551,1.0,1.0,2,0.5,-1.379054528425442,0.1585368999677241,0.15853689996772558,25000,MO_SPIBB,1.0,3.3231773296928764,3.648037968179112,0.908412327869866,0.9084122607954298,1069.7970039844513
242,2658956083,0.95,7,7,0.0,0.75,-0.7919324544916928,5.403600876626366,5.403600876626366,1.0,1.0,5.403600876626366,5.403600876626366,1.0,1.0,0.7708478732195551,0.7708478732195551,1.0,1.0,2,0.5,-1.379054528425442,0.1585368999677241,0.15853689996772558,25000,SPIBB,3.0,1.7233835003779836,2.33390919093048,0.7461017581980266,0.7461016772563542,15.341171979904175
243,2658956083,0.95,7,7,0.0,0.75,-0.7919324544916928,5.403600876626366,5.403600876626366,1.0,1.0,5.403600876626366,5.403600876626366,1.0,1.0,0.7708478732195551,0.7708478732195551,1.0,1.0,2,0.5,-1.379054528425442,0.1585368999677241,0.15853689996772558,25000,shield-SPIBB,3.0,2.5728173855783254,2.572796345166815,1.0,1.0,16.206831216812134
244,2658956083,0.95,7,7,0.0,0.75,-0.7919324544916928,5.403600876626366,5.403600876626366,1.0,1.0,5.403600876626366,5.403600876626366,1.0,1.0,0.7708478732195551,0.7708478732195551,1.0,1.0,2,0.5,-1.379054528425442,0.1585368999677241,0.15853689996772558,25000,shielded_baseline,,0.28680282537887675,0.2866587800194485,1.0,1.0,0.5485439300537109
245,2658956083,0.95,7,7,0.0,0.75,-0.7919324544916928,5.403600876626366,5.403600876626366,1.0,1.0,5.403600876626366,5.403600876626366,1.0,1.0,0.7708478732195551,0.7708478732195551,1.0,1.0,2,0.5,-1.379054528425442,0.1585368999677241,0.15853689996772558,25000,MO_SPIBB,1.0,3.3231773296928764,3.648037968179112,0.908412327869866,0.9084122607954298,1064.8372101783752
246,2658956083,0.95,7,7,0.0,0.75,-0.7919324544916928,5.403600876626366,5.403600876626366,1.0,1.0,5.403600876626366,5.403600876626366,1.0,1.0,0.7708478732195551,0.7708478732195551,1.0,1.0,2,0.5,-1.379054528425442,0.1585368999677241,0.15853689996772558,25000,SPIBB,3.0,1.7233835003779836,2.33390919093048,0.7461017581980266,0.7461016772563542,15.36026120185852
247,2658956083,0.95,7,7,0.0,0.75,-0.7919324544916928,5.403600876626366,5.403600876626366,1.0,1.0,5.403600876626366,5.403600876626366,1.0,1.0,0.7708478732195551,0.7708478732195551,1.0,1.0,2,0.5,-1.379054528425442,0.1585368999677241,0.15853689996772558,25000,shield-SPIBB,3.0,2.5728188269463645,2.572796564171566,1.0,1.0,15.830428838729858
248,2658956083,0.95,7,7,0.0,0.75,-0.7919324544916928,5.403600876626366,5.403600876626366,1.0,1.0,5.403600876626366,5.403600876626366,1.0,1.0,0.7708478732195551,0.7708478732195551,1.0,1.0,2,0.5,-1.379054528425442,0.1585368999677241,0.15853689996772558,25000,shielded_baseline_point,,0.28680282537887675,0.2866587800194485,1.0,1.0,0.5455749034881592
249,2658956083,0.95,7,7,0.0,0.75,-0.7919324544916928,5.403600876626366,5.403600876626366,1.0,1.0,5.403600876626366,5.403600876626366,1.0,1.0,0.7708478732195551,0.7708478732195551,1.0,1.0,2,0.5,-1.379054528425442,0.1585368999677241,0.15853689996772558,25000,shield-SPIBB_point,3.0,2.5728188269463645,2.572796564171566,1.0,1.0,16.131305932998657
250,2658956083,0.95,7,7,0.0,0.75,-0.7919324544916928,5.403600876626366,5.403600876626366,1.0,1.0,5.403600876626366,5.403600876626366,1.0,1.0,0.7708478732195551,0.7708478732195551,1.0,1.0,2,0.5,-1.379054528425442,0.1585368999677241,0.15853689996772558,35000,shielded_baseline,,0.28679274095780455,0.2866587843227834,1.0,1.0,0.5339021682739258
251,2658956083,0.95,7,7,0.0,0.75,-0.7919324544916928,5.403600876626366,5.403600876626366,1.0,1.0,5.403600876626366,5.403600876626366,1.0,1.0,0.7708478732195551,0.7708478732195551,1.0,1.0,2,0.5,-1.379054528425442,0.1585368999677241,0.15853689996772558,35000,MO_SPIBB,1.0,3.7517620899333917,3.99646491340655,0.9363759521290076,0.9363758616504146,1104.62606215477
252,2658956083,0.95,7,7,0.0,0.75,-0.7919324544916928,5.403600876626366,5.403600876626366,1.0,1.0,5.403600876626366,5.403600876626366,1.0,1.0,0.7708478732195551,0.7708478732195551,1.0,1.0,2,0.5,-1.379054528425442,0.1585368999677241,0.15853689996772558,35000,SPIBB,3.0,2.465221035413742,3.004705190811882,0.8160115545483475,0.8160115360661793,16.91646122932434
253,2658956083,0.95,7,7,0.0,0.75,-0.7919324544916928,5.403600876626366,5.403600876626366,1.0,1.0,5.403600876626366,5.403600876626366,1.0,1.0,0.7708478732195551,0.7708478732195551,1.0,1.0,2,0.5,-1.379054528425442,0.1585368999677241,0.15853689996772558,35000,shield-SPIBB,3.0,3.230649324957789,3.230596821941552,1.0,1.0,18.189470052719116
254,2658956083,0.95,7,7,0.0,0.75,-0.7919324544916928,5.403600876626366,5.403600876626366,1.0,1.0,5.403600876626366,5.403600876626366,1.0,1.0,0.7708478732195551,0.7708478732195551,1.0,1.0,2,0.5,-1.379054528425442,0.1585368999677241,0.15853689996772558,35000,shielded_baseline,,0.28680282537887675,0.2866587800194485,1.0,1.0,0.5476198196411133
255,2658956083,0.95,7,7,0.0,0.75,-0.7919324544916928,5.403600876626366,5.403600876626366,1.0,1.0,5.403600876626366,5.403600876626366,1.0,1.0,0.7708478732195551,0.7708478732195551,1.0,1.0,2,0.5,-1.379054528425442,0.1585368999677241,0.15853689996772558,35000,MO_SPIBB,1.0,3.7517620899333917,3.99646491340655,0.9363759521290076,0.9363758616504146,1108.296168088913
256,2658956083,0.95,7,7,0.0,0.75,-0.7919324544916928,5.403600876626366,5.403600876626366,1.0,1.0,5.403600876626366,5.403600876626366,1.0,1.0,0.7708478732195551,0.7708478732195551,1.0,1.0,2,0.5,-1.379054528425442,0.1585368999677241,0.15853689996772558,35000,SPIBB,3.0,2.465221035413742,3.004705190811882,0.8160115545483475,0.8160115360661793,17.078763008117676
257,2658956083,0.95,7,7,0.0,0.75,-0.7919324544916928,5.403600876626366,5.403600876626366,1.0,1.0,5.403600876626366,5.403600876626366,1.0,1.0,0.7708478732195551,0.7708478732195551,1.0,1.0,2,0.5,-1.379054528425442,0.1585368999677241,0.15853689996772558,35000,shield-SPIBB,3.0,3.230650625832721,3.230608711999628,1.0,1.0,17.99518585205078
258,2658956083,0.95,7,7,0.0,0.75,-0.7919324544916928,5.403600876626366,5.403600876626366,1.0,1.0,5.403600876626366,5.403600876626366,1.0,1.0,0.7708478732195551,0.7708478732195551,1.0,1.0,2,0.5,-1.379054528425442,0.1585368999677241,0.15853689996772558,35000,shielded_baseline_point,,0.28680282537887675,0.2866587800194485,1.0,1.0,0.5532128810882568
259,2658956083,0.95,7,7,0.0,0.75,-0.7919324544916928,5.403600876626366,5.403600876626366,1.0,1.0,5.403600876626366,5.403600876626366,1.0,1.0,0.7708478732195551,0.7708478732195551,1.0,1.0,2,0.5,-1.379054528425442,0.1585368999677241,0.15853689996772558,35000,shield-SPIBB_point,3.0,3.230650625832721,3.230608711999628,1.0,1.0,17.882020711898804
260,2658956083,0.95,7,7,0.0,0.75,-0.7919324544916928,5.403600876626366,5.403600876626366,1.0,1.0,5.403600876626366,5.403600876626366,1.0,1.0,0.7708478732195551,0.7708478732195551,1.0,1.0,2,0.5,-1.379054528425442,0.1585368999677241,0.15853689996772558,50000,shielded_baseline,,0.28679274095780455,0.2866587843227834,1.0,1.0,0.5381739139556885
261,2658956083,0.95,7,7,0.0,0.75,-0.7919324544916928,5.403600876626366,5.403600876626366,1.0,1.0,5.403600876626366,5.403600876626366,1.0,1.0,0.7708478732195551,0.7708478732195551,1.0,1.0,2,0.5,-1.379054528425442,0.1585368999677241,0.15853689996772558,50000,MO_SPIBB,1.0,4.162551706183883,4.317013542501144,0.9618754528310954,0.9618753834661163,1147.0791239738464
262,2658956083,0.95,7,7,0.0,0.75,-0.7919324544916928,5.403600876626366,5.403600876626366,1.0,1.0,5.403600876626366,5.403600876626366,1.0,1.0,0.7708478732195551,0.7708478732195551,1.0,1.0,2,0.5,-1.379054528425442,0.1585368999677241,0.15853689996772558,50000,SPIBB,3.0,3.2240270794162047,3.647918130768309,0.8748549751032968,0.874855268315175,18.470706939697266
263,2658956083,0.95,7,7,0.0,0.75,-0.7919324544916928,5.403600876626366,5.403600876626366,1.0,1.0,5.403600876626366,5.403600876626366,1.0,1.0,0.7708478732195551,0.7708478732195551,1.0,1.0,2,0.5,-1.379054528425442,0.1585368999677241,0.15853689996772558,50000,shield-SPIBB,3.0,3.902034968306025,3.90203717012993,1.0,1.0,19.718805074691772
264,2658956083,0.95,7,7,0.0,0.75,-0.7919324544916928,5.403600876626366,5.403600876626366,1.0,1.0,5.403600876626366,5.403600876626366,1.0,1.0,0.7708478732195551,0.7708478732195551,1.0,1.0,2,0.5,-1.379054528425442,0.1585368999677241,0.15853689996772558,50000,shielded_baseline,,0.28680282537887675,0.2866587800194485,1.0,1.0,0.5493607521057129
265,2658956083,0.95,7,7,0.0,0.75,-0.7919324544916928,5.403600876626366,5.403600876626366,1.0,1.0,5.403600876626366,5.403600876626366,1.0,1.0,0.7708478732195551,0.7708478732195551,1.0,1.0,2,0.5,-1.379054528425442,0.1585368999677241,0.15853689996772558,50000,MO_SPIBB,1.0,4.162551706183883,4.317013542501144,0.9618754528310954,0.9618753834661163,1149.411556005478
266,2658956083,0.95,7,7,0.0,0.75,-0.7919324544916928,5.403600876626366,5.403600876626366,1.0,1.0,5.403600876626366,5.403600876626366,1.0,1.0,0.7708478732195551,0.7708478732195551,1.0,1.0,2,0.5,-1.379054528425442,0.1585368999677241,0.15853689996772558,50000,SPIBB,3.0,3.2240270794162047,3.647918130768309,0.8748549751032968,0.874855268315175,18.55641794204712
267,2658956083,0.95,7,7,0.0,0.75,-0.7919324544916928,5.403600876626366,5.403600876626366,1.0,1.0,5.403600876626366,5.403600876626366,1.0,1.0,0.7708478732195551,0.7708478732195551,1.0,1.0,2,0.5,-1.379054528425442,0.1585368999677241,0.15853689996772558,50000,shield-SPIBB,3.0,3.9020465391361303,3.9020277013344735,1.0,1.0,19.64136290550232
268,2658956083,0.95,7,7,0.0,0.75,-0.7919324544916928,5.403600876626366,5.403600876626366,1.0,1.0,5.403600876626366,5.403600876626366,1.0,1.0,0.7708478732195551,0.7708478732195551,1.0,1.0,2,0.5,-1.379054528425442,0.1585368999677241,0.15853689996772558,50000,shielded_baseline_point,,0.28680282537887675,0.2866587800194485,1.0,1.0,0.5455460548400879
269,2658956083,0.95,7,7,0.0,0.75,-0.7919324544916928,5.403600876626366,5.403600876626366,1.0,1.0,5.403600876626366,5.403600876626366,1.0,1.0,0.7708478732195551,0.7708478732195551,1.0,1.0,2,0.5,-1.379054528425442,0.1585368999677241,0.15853689996772558,50000,shield-SPIBB_point,3.0,3.9020465391361303,3.9020277013344735,1.0,1.0,19.224490880966187
